movie_id,cinema_id,movie_title,movie_description,showtime,screen,running_time,language,price,release_date,ratings
91,1,Baahubali: The Beginning,epic action film,7:00 AM - 9:00 AM,1,158 minutes,Hindi,₹ 160,09-10-2023,8.5
92,1,Dangal,biographical sports drama film,7:00 AM - 10:05 AM,2,161 minutes,Hindi,₹ 185,09-08-2023,9.5
93,1,Inception,science fiction action film,8:00 AM - 10:45 AM,3,148 minutes,Hindi,₹ 210,21-09-2023,7.6
94,1,Chaal Jeevi Laiye,comedy-drama road film,9:00 AM - 11:30 AM,4,146 minutes,Gujarati,₹ 80,14-07-2023,8
95,1,The Mummy,fantasy action-adventure film,10:00 AM - 12:00 PM,5,110 minutes,Hindi,₹ 230,05-09-2023,6.4
96,1,1920: Horrors of the Heart,horror film,8:00 AM - 10:15 AM,NULL,123 minutes,Hindi,NULL,10-10-2023,NULL
97,2,Baahubali: The Beginning,epic action film,7:00 AM - 9:00 AM,1,158 minutes,Hindi,₹ 160,09-10-2023,8.5
98,2,Dangal,biographical sports drama film,7:00 AM - 10:05 AM,2,161 minutes,Hindi,₹ 185,09-08-2023,9.5
99,2,Inception,science fiction action film,8:00 AM - 10:45 AM,3,148 minutes,Hindi,₹ 210,21-09-2023,7.6
100,2,Chaal Jeevi Laiye,comedy-drama road film,9:00 AM - 11:30 AM,4,146 minutes,Gujarati,₹ 80,14-07-2023,8
101,2,The Mummy,fantasy action-adventure film,10:00 AM - 12:00 PM,5,110 minutes,Hindi,₹ 230,05-09-2023,6.4
102,2,1920: Horrors of the Heart,horror film,8:00 AM - 10:15 AM,NULL,123 minutes,Hindi,NULL,10-10-2023,NULL
103,3,Baahubali: The Beginning,epic action film,7:00 AM - 9:00 AM,1,158 minutes,Hindi,₹ 160,09-10-2023,8.5
104,3,Dangal,biographical sports drama film,7:00 AM - 10:05 AM,2,161 minutes,Hindi,₹ 185,09-08-2023,9.5
105,3,Inception,science fiction action film,8:00 AM - 10:45 AM,3,148 minutes,Hindi,₹ 210,21-09-2023,7.6
106,3,Chaal Jeevi Laiye,comedy-drama road film,9:00 AM - 11:30 AM,4,146 minutes,Gujarati,₹ 80,14-07-2023,8
107,3,The Mummy,fantasy action-adventure film,10:00 AM - 12:00 PM,5,110 minutes,Hindi,₹ 230,05-09-2023,6.4
108,3,1920: Horrors of the Heart,horror film,8:00 AM - 10:15 AM,NULL,123 minutes,Hindi,NULL,10-10-2023,NULL
109,4,Baahubali: The Beginning,epic action film,7:00 AM - 9:00 AM,1,158 minutes,Hindi,₹ 160,09-10-2023,8.5
110,4,Dangal,biographical sports drama film,7:00 AM - 10:05 AM,2,161 minutes,Hindi,₹ 185,09-08-2023,9.5
111,4,Inception,science fiction action film,8:00 AM - 10:45 AM,3,148 minutes,Hindi,₹ 210,21-09-2023,7.6
112,4,Chaal Jeevi Laiye,comedy-drama road film,9:00 AM - 11:30 AM,4,146 minutes,Gujarati,₹ 80,14-07-2023,8
113,4,The Mummy,fantasy action-adventure film,10:00 AM - 12:00 PM,5,110 minutes,Hindi,₹ 230,05-09-2023,6.4
114,4,1920: Horrors of the Heart,horror film,8:00 AM - 10:15 AM,NULL,123 minutes,Hindi,NULL,10-10-2023,NULL
115,5,Baahubali: The Beginning,epic action film,7:00 AM - 9:00 AM,1,158 minutes,Hindi,₹ 160,09-10-2023,8.5
116,5,Dangal,biographical sports drama film,7:00 AM - 10:05 AM,2,161 minutes,Hindi,₹ 185,09-08-2023,9.5
117,5,Inception,science fiction action film,8:00 AM - 10:45 AM,3,148 minutes,Hindi,₹ 210,21-09-2023,7.6
118,5,Chaal Jeevi Laiye,comedy-drama road film,9:00 AM - 11:30 AM,4,146 minutes,Gujarati,₹ 80,14-07-2023,8
119,5,The Mummy,fantasy action-adventure film,10:00 AM - 12:00 PM,5,110 minutes,Hindi,₹ 230,05-09-2023,6.4
120,5,1920: Horrors of the Heart,horror film,8:00 AM - 10:15 AM,NULL,123 minutes,Hindi,NULL,10-10-2023,NULL
121,6,Baahubali: The Beginning,epic action film,7:00 AM - 9:00 AM,1,158 minutes,Hindi,₹ 160,09-10-2023,8.5
122,6,Dangal,biographical sports drama film,7:00 AM - 10:05 AM,2,161 minutes,Hindi,₹ 185,09-08-2023,9.5
123,6,Inception,science fiction action film,8:00 AM - 10:45 AM,3,148 minutes,Hindi,₹ 210,21-09-2023,7.6
124,6,Chaal Jeevi Laiye,comedy-drama road film,9:00 AM - 11:30 AM,4,146 minutes,Gujarati,₹ 80,14-07-2023,8
125,6,The Mummy,fantasy action-adventure film,10:00 AM - 12:00 PM,5,110 minutes,Hindi,₹ 230,05-09-2023,6.4
126,6,1920: Horrors of the Heart,horror film,8:00 AM - 10:15 AM,NULL,123 minutes,Hindi,NULL,10-10-2023,NULL
127,7,Baahubali: The Beginning,epic action film,7:00 AM - 9:00 AM,1,158 minutes,Hindi,₹ 160,09-10-2023,8.5
128,7,Dangal,biographical sports drama film,7:00 AM - 10:05 AM,2,161 minutes,Hindi,₹ 185,09-08-2023,9.5
129,7,Inception,science fiction action film,8:00 AM - 10:45 AM,3,148 minutes,Hindi,₹ 210,21-09-2023,7.6
130,7,Chaal Jeevi Laiye,comedy-drama road film,9:00 AM - 11:30 AM,4,146 minutes,Gujarati,₹ 80,14-07-2023,8
131,7,The Mummy,fantasy action-adventure film,10:00 AM - 12:00 PM,5,110 minutes,Hindi,₹ 230,05-09-2023,6.4
132,7,1920: Horrors of the Heart,horror film,8:00 AM - 10:15 AM,NULL,123 minutes,Hindi,NULL,10-10-2023,NULL
133,8,Baahubali: The Beginning,epic action film,7:00 AM - 9:00 AM,1,158 minutes,Hindi,₹ 160,09-10-2023,8.5
134,8,Dangal,biographical sports drama film,7:00 AM - 10:05 AM,2,161 minutes,Hindi,₹ 185,09-08-2023,9.5
135,8,Inception,science fiction action film,8:00 AM - 10:45 AM,3,148 minutes,Hindi,₹ 210,21-09-2023,7.6
136,8,Chaal Jeevi Laiye,comedy-drama road film,9:00 AM - 11:30 AM,4,146 minutes,Gujarati,₹ 80,14-07-2023,8
137,8,The Mummy,fantasy action-adventure film,10:00 AM - 12:00 PM,5,110 minutes,Hindi,₹ 230,05-09-2023,6.4
138,8,1920: Horrors of the Heart,horror film,8:00 AM - 10:15 AM,NULL,123 minutes,Hindi,NULL,10-10-2023,NULL
139,9,Baahubali: The Beginning,epic action film,7:00 AM - 9:00 AM,1,158 minutes,Hindi,₹ 160,09-10-2023,8.5
140,9,Dangal,biographical sports drama film,7:00 AM - 10:05 AM,2,161 minutes,Hindi,₹ 185,09-08-2023,9.5
141,9,Inception,science fiction action film,8:00 AM - 10:45 AM,3,148 minutes,Hindi,₹ 210,21-09-2023,7.6
142,9,Chaal Jeevi Laiye,comedy-drama road film,9:00 AM - 11:30 AM,4,146 minutes,Gujarati,₹ 80,14-07-2023,8
143,9,The Mummy,fantasy action-adventure film,10:00 AM - 12:00 PM,5,110 minutes,Hindi,₹ 230,05-09-2023,6.4
144,9,1920: Horrors of the Heart,horror film,8:00 AM - 10:15 AM,NULL,123 minutes,Hindi,NULL,10-10-2023,NULL
145,10,Baahubali: The Beginning,epic action film,7:00 AM - 9:00 AM,1,158 minutes,Hindi,₹ 160,09-10-2023,8.5
146,10,Dangal,biographical sports drama film,7:00 AM - 10:05 AM,2,161 minutes,Hindi,₹ 185,09-08-2023,9.5
147,10,Inception,science fiction action film,8:00 AM - 10:45 AM,3,148 minutes,Hindi,₹ 210,21-09-2023,7.6
148,10,Chaal Jeevi Laiye,comedy-drama road film,9:00 AM - 11:30 AM,4,146 minutes,Gujarati,₹ 80,14-07-2023,8
149,10,The Mummy,fantasy action-adventure film,10:00 AM - 12:00 PM,5,110 minutes,Hindi,₹ 230,05-09-2023,6.4
150,10,1920: Horrors of the Heart,horror film,8:00 AM - 10:15 AM,NULL,123 minutes,Hindi,NULL,10-10-2023,NULL
151,11,Baahubali: The Beginning,epic action film,7:00 AM - 9:00 AM,1,158 minutes,Hindi,₹ 160,09-10-2023,8.5
152,11,Dangal,biographical sports drama film,7:00 AM - 10:05 AM,2,161 minutes,Hindi,₹ 185,09-08-2023,9.5
153,11,Inception,science fiction action film,8:00 AM - 10:45 AM,3,148 minutes,Hindi,₹ 210,21-09-2023,7.6
154,11,Chaal Jeevi Laiye,comedy-drama road film,9:00 AM - 11:30 AM,4,146 minutes,Gujarati,₹ 80,14-07-2023,8
155,11,The Mummy,fantasy action-adventure film,10:00 AM - 12:00 PM,5,110 minutes,Hindi,₹ 230,05-09-2023,6.4
156,11,1920: Horrors of the Heart,horror film,8:00 AM - 10:15 AM,NULL,123 minutes,Hindi,NULL,10-10-2023,NULL
157,12,Baahubali: The Beginning,epic action film,7:00 AM - 9:00 AM,1,158 minutes,Hindi,₹ 160,09-10-2023,8.5
158,12,Dangal,biographical sports drama film,7:00 AM - 10:05 AM,2,161 minutes,Hindi,₹ 185,09-08-2023,9.5
159,12,Inception,science fiction action film,8:00 AM - 10:45 AM,3,148 minutes,Hindi,₹ 210,21-09-2023,7.6
160,12,Chaal Jeevi Laiye,comedy-drama road film,9:00 AM - 11:30 AM,4,146 minutes,Gujarati,₹ 80,14-07-2023,8
161,12,The Mummy,fantasy action-adventure film,10:00 AM - 12:00 PM,5,110 minutes,Hindi,₹ 230,05-09-2023,6.4
162,12,1920: Horrors of the Heart,horror film,8:00 AM - 10:15 AM,NULL,123 minutes,Hindi,NULL,10-10-2023,NULL
163,13,Baahubali: The Beginning,epic action film,7:00 AM - 9:00 AM,1,158 minutes,Hindi,₹ 160,09-10-2023,8.5
164,13,Dangal,biographical sports drama film,7:00 AM - 10:05 AM,2,161 minutes,Hindi,₹ 185,09-08-2023,9.5
165,13,Inception,science fiction action film,8:00 AM - 10:45 AM,3,148 minutes,Hindi,₹ 210,21-09-2023,7.6
166,13,Chaal Jeevi Laiye,comedy-drama road film,9:00 AM - 11:30 AM,4,146 minutes,Gujarati,₹ 80,14-07-2023,8
167,13,The Mummy,fantasy action-adventure film,10:00 AM - 12:00 PM,5,110 minutes,Hindi,₹ 230,05-09-2023,6.4
168,13,1920: Horrors of the Heart,horror film,8:00 AM - 10:15 AM,NULL,123 minutes,Hindi,NULL,10-10-2023,NULL
169,14,Baahubali: The Beginning,epic action film,7:00 AM - 9:00 AM,1,158 minutes,Hindi,₹ 160,09-10-2023,8.5
170,14,Dangal,biographical sports drama film,7:00 AM - 10:05 AM,2,161 minutes,Hindi,₹ 185,09-08-2023,9.5
171,14,Inception,science fiction action film,8:00 AM - 10:45 AM,3,148 minutes,Hindi,₹ 210,21-09-2023,7.6
172,14,Chaal Jeevi Laiye,comedy-drama road film,9:00 AM - 11:30 AM,4,146 minutes,Gujarati,₹ 80,14-07-2023,8
173,14,The Mummy,fantasy action-adventure film,10:00 AM - 12:00 PM,5,110 minutes,Hindi,₹ 230,05-09-2023,6.4
174,14,1920: Horrors of the Heart,horror film,8:00 AM - 10:15 AM,NULL,123 minutes,Hindi,NULL,10-10-2023,NULL
175,15,Baahubali: The Beginning,epic action film,7:00 AM - 9:00 AM,1,158 minutes,Hindi,₹ 160,09-10-2023,8.5
176,15,Dangal,biographical sports drama film,7:00 AM - 10:05 AM,2,161 minutes,Hindi,₹ 185,09-08-2023,9.5
177,15,Inception,science fiction action film,8:00 AM - 10:45 AM,3,148 minutes,Hindi,₹ 210,21-09-2023,7.6
178,15,Chaal Jeevi Laiye,comedy-drama road film,9:00 AM - 11:30 AM,4,146 minutes,Gujarati,₹ 80,14-07-2023,8
179,15,The Mummy,fantasy action-adventure film,10:00 AM - 12:00 PM,5,110 minutes,Hindi,₹ 230,05-09-2023,6.4
180,15,1920: Horrors of the Heart,horror film,8:00 AM - 10:15 AM,NULL,123 minutes,Hindi,NULL,10-10-2023,NULL
181,16,Baahubali: The Beginning,epic action film,7:00 AM - 9:00 AM,1,158 minutes,Hindi,₹ 160,09-10-2023,8.5
182,16,Dangal,biographical sports drama film,7:00 AM - 10:05 AM,2,161 minutes,Hindi,₹ 185,09-08-2023,9.5
183,16,Inception,science fiction action film,8:00 AM - 10:45 AM,3,148 minutes,Hindi,₹ 210,21-09-2023,7.6
184,16,Chaal Jeevi Laiye,comedy-drama road film,9:00 AM - 11:30 AM,4,146 minutes,Gujarati,₹ 80,14-07-2023,8
185,16,The Mummy,fantasy action-adventure film,10:00 AM - 12:00 PM,5,110 minutes,Hindi,₹ 230,05-09-2023,6.4
186,16,1920: Horrors of the Heart,horror film,8:00 AM - 10:15 AM,NULL,123 minutes,Hindi,NULL,10-10-2023,NULL
247,17,Baahubali: The Beginning,epic action film,7:00 AM - 9:00 AM,1,158 minutes,Hindi,₹240,09-10-2023,8.5
248,17,Dangal,biographical sports drama film,7:00 AM - 10:05 AM,2,161 minutes,Hindi,₹310,09-08-2023,9.5
249,17,Inception,science fiction action film,8:00 AM - 10:45 AM,3,148 minutes,Hindi,₹350,21-09-2023,7.6
250,17,Chaal Jeevi Laiye,comedy-drama road film,9:00 AM - 11:30 AM,4,146 minutes,Gujarati,₹160,14-07-2023,8
251,17,The Mummy,fantasy action-adventure film,10:00 AM - 12:00 PM,5,110 minutes,Hindi,₹ 330,05-09-2023,6.4
252,17,1920: Horrors of the Heart,horror film,8:00 AM - 10:15 AM,NULL,123 minutes,Hindi,NULL,10-10-2023,NULL
253,18,Baahubali: The Beginning,epic action film,7:00 AM - 9:00 AM,1,158 minutes,Hindi,₹240,09-10-2023,8.5
254,18,Dangal,biographical sports drama film,7:00 AM - 10:05 AM,2,161 minutes,Hindi,₹310,09-08-2023,9.5
255,18,Inception,science fiction action film,8:00 AM - 10:45 AM,3,148 minutes,Hindi,₹350,21-09-2023,7.6
256,18,Chaal Jeevi Laiye,comedy-drama road film,9:00 AM - 11:30 AM,4,146 minutes,Gujarati,₹160,14-07-2023,8
257,18,The Mummy,fantasy action-adventure film,10:00 AM - 12:00 PM,5,110 minutes,Hindi,₹ 330,05-09-2023,6.4
258,18,1920: Horrors of the Heart,horror film,8:00 AM - 10:15 AM,NULL,123 minutes,Hindi,NULL,10-10-2023,NULL
259,19,Baahubali: The Beginning,epic action film,7:00 AM - 9:00 AM,1,158 minutes,Hindi,₹240,09-10-2023,8.5
260,19,Dangal,biographical sports drama film,7:00 AM - 10:05 AM,2,161 minutes,Hindi,₹310,09-08-2023,9.5
261,19,Inception,science fiction action film,8:00 AM - 10:45 AM,3,148 minutes,Hindi,₹350,21-09-2023,7.6
262,19,Chaal Jeevi Laiye,comedy-drama road film,9:00 AM - 11:30 AM,4,146 minutes,Gujarati,₹160,14-07-2023,8
263,19,The Mummy,fantasy action-adventure film,10:00 AM - 12:00 PM,5,110 minutes,Hindi,₹ 330,05-09-2023,6.4
264,19,1920: Horrors of the Heart,horror film,8:00 AM - 10:15 AM,NULL,123 minutes,Hindi,NULL,10-10-2023,NULL
265,20,Baahubali: The Beginning,epic action film,7:00 AM - 9:00 AM,1,158 minutes,Hindi,₹240,09-10-2023,8.5
266,20,Dangal,biographical sports drama film,7:00 AM - 10:05 AM,2,161 minutes,Hindi,₹310,09-08-2023,9.5
267,20,Inception,science fiction action film,8:00 AM - 10:45 AM,3,148 minutes,Hindi,₹350,21-09-2023,7.6
268,20,Chaal Jeevi Laiye,comedy-drama road film,9:00 AM - 11:30 AM,4,146 minutes,Gujarati,₹160,14-07-2023,8
269,20,The Mummy,fantasy action-adventure film,10:00 AM - 12:00 PM,5,110 minutes,Hindi,₹ 330,05-09-2023,6.4
270,20,1920: Horrors of the Heart,horror film,8:00 AM - 10:15 AM,NULL,123 minutes,Hindi,NULL,10-10-2023,NULL
271,21,Baahubali: The Beginning,epic action film,7:00 AM - 9:00 AM,1,158 minutes,Hindi,₹240,09-10-2023,8.5
272,21,Dangal,biographical sports drama film,7:00 AM - 10:05 AM,2,161 minutes,Hindi,₹310,09-08-2023,9.5
273,21,Inception,science fiction action film,8:00 AM - 10:45 AM,3,148 minutes,Hindi,₹350,21-09-2023,7.6
274,21,Chaal Jeevi Laiye,comedy-drama road film,9:00 AM - 11:30 AM,4,146 minutes,Gujarati,₹160,14-07-2023,8
275,21,The Mummy,fantasy action-adventure film,10:00 AM - 12:00 PM,5,110 minutes,Hindi,₹ 330,05-09-2023,6.4
276,21,1920: Horrors of the Heart,horror film,8:00 AM - 10:15 AM,NULL,123 minutes,Hindi,NULL,10-10-2023,NULL
277,22,Baahubali: The Beginning,epic action film,7:00 AM - 9:00 AM,1,158 minutes,Hindi,₹240,09-10-2023,8.5
278,22,Dangal,biographical sports drama film,7:00 AM - 10:05 AM,2,161 minutes,Hindi,₹310,09-08-2023,9.5
279,22,Inception,science fiction action film,8:00 AM - 10:45 AM,3,148 minutes,Hindi,₹350,21-09-2023,7.6
280,22,Chaal Jeevi Laiye,comedy-drama road film,9:00 AM - 11:30 AM,4,146 minutes,Gujarati,₹160,14-07-2023,8
281,22,The Mummy,fantasy action-adventure film,10:00 AM - 12:00 PM,5,110 minutes,Hindi,₹ 330,05-09-2023,6.4
282,22,1920: Horrors of the Heart,horror film,8:00 AM - 10:15 AM,NULL,123 minutes,Hindi,NULL,10-10-2023,NULL
283,23,Baahubali: The Beginning,epic action film,7:00 AM - 9:00 AM,1,158 minutes,Hindi,₹240,09-10-2023,8.5
284,23,Dangal,biographical sports drama film,7:00 AM - 10:05 AM,2,161 minutes,Hindi,₹310,09-08-2023,9.5
285,23,Inception,science fiction action film,8:00 AM - 10:45 AM,3,148 minutes,Hindi,₹350,21-09-2023,7.6
286,23,Chaal Jeevi Laiye,comedy-drama road film,9:00 AM - 11:30 AM,4,146 minutes,Gujarati,₹160,14-07-2023,8
287,23,The Mummy,fantasy action-adventure film,10:00 AM - 12:00 PM,5,110 minutes,Hindi,₹ 330,05-09-2023,6.4
288,23,1920: Horrors of the Heart,horror film,8:00 AM - 10:15 AM,NULL,123 minutes,Hindi,NULL,10-10-2023,NULL
289,24,Baahubali: The Beginning,epic action film,7:00 AM - 9:00 AM,1,158 minutes,Hindi,₹240,09-10-2023,8.5
290,24,Dangal,biographical sports drama film,7:00 AM - 10:05 AM,2,161 minutes,Hindi,₹310,09-08-2023,9.5
291,24,Inception,science fiction action film,8:00 AM - 10:45 AM,3,148 minutes,Hindi,₹350,21-09-2023,7.6
292,24,Chaal Jeevi Laiye,comedy-drama road film,9:00 AM - 11:30 AM,4,146 minutes,Gujarati,₹160,14-07-2023,8
293,24,The Mummy,fantasy action-adventure film,10:00 AM - 12:00 PM,5,110 minutes,Hindi,₹ 330,05-09-2023,6.4
294,24,1920: Horrors of the Heart,horror film,8:00 AM - 10:15 AM,NULL,123 minutes,Hindi,NULL,10-10-2023,NULL
295,25,Baahubali: The Beginning,epic action film,7:00 AM - 9:00 AM,1,158 minutes,Hindi,₹240,09-10-2023,8.5
296,25,Dangal,biographical sports drama film,7:00 AM - 10:05 AM,2,161 minutes,Hindi,₹310,09-08-2023,9.5
297,25,Inception,science fiction action film,8:00 AM - 10:45 AM,3,148 minutes,Hindi,₹350,21-09-2023,7.6
298,25,Chaal Jeevi Laiye,comedy-drama road film,9:00 AM - 11:30 AM,4,146 minutes,Gujarati,₹160,14-07-2023,8
299,25,The Mummy,fantasy action-adventure film,10:00 AM - 12:00 PM,5,110 minutes,Hindi,₹ 330,05-09-2023,6.4
300,25,1920: Horrors of the Heart,horror film,8:00 AM - 10:15 AM,NULL,123 minutes,Hindi,NULL,10-10-2023,NULL
301,26,Baahubali: The Beginning,epic action film,7:00 AM - 9:00 AM,1,158 minutes,Hindi,₹240,09-10-2023,8.5
302,26,Dangal,biographical sports drama film,7:00 AM - 10:05 AM,2,161 minutes,Hindi,₹310,09-08-2023,9.5
303,26,Inception,science fiction action film,8:00 AM - 10:45 AM,3,148 minutes,Hindi,₹350,21-09-2023,7.6
304,26,Chaal Jeevi Laiye,comedy-drama road film,9:00 AM - 11:30 AM,4,146 minutes,Gujarati,₹160,14-07-2023,8
305,26,The Mummy,fantasy action-adventure film,10:00 AM - 12:00 PM,5,110 minutes,Hindi,₹ 330,05-09-2023,6.4
306,26,1920: Horrors of the Heart,horror film,8:00 AM - 10:15 AM,NULL,123 minutes,Hindi,NULL,10-10-2023,NULL
307,27,Baahubali: The Beginning,epic action film,7:00 AM - 9:00 AM,1,158 minutes,Hindi,₹140,09-10-2023,8.5
308,27,Dangal,biographical sports drama film,7:00 AM - 10:05 AM,2,161 minutes,Hindi,₹165,09-08-2023,9.5
309,27,Inception,science fiction action film,8:00 AM - 10:45 AM,3,148 minutes,Hindi,₹210,21-09-2023,7.6
310,27,Chaal Jeevi Laiye,comedy-drama road film,9:00 AM - 11:30 AM,4,146 minutes,Gujarati,₹120,14-07-2023,8
311,27,The Mummy,fantasy action-adventure film,10:00 AM - 12:00 PM,5,110 minutes,Hindi,₹ 210,05-09-2023,6.4
312,27,1920: Horrors of the Heart,horror film,8:00 AM - 10:15 AM,NULL,123 minutes,Hindi,NULL,10-10-2023,NULL
313,28,Baahubali: The Beginning,epic action film,7:00 AM - 9:00 AM,1,158 minutes,Hindi,₹140,09-10-2023,8.5
314,28,Dangal,biographical sports drama film,7:00 AM - 10:05 AM,2,161 minutes,Hindi,₹165,09-08-2023,9.5
315,28,Inception,science fiction action film,8:00 AM - 10:45 AM,3,148 minutes,Hindi,₹210,21-09-2023,7.6
316,28,Chaal Jeevi Laiye,comedy-drama road film,9:00 AM - 11:30 AM,4,146 minutes,Gujarati,₹120,14-07-2023,8
317,28,The Mummy,fantasy action-adventure film,10:00 AM - 12:00 PM,5,110 minutes,Hindi,₹ 210,05-09-2023,6.4
318,28,1920: Horrors of the Heart,horror film,8:00 AM - 10:15 AM,NULL,123 minutes,Hindi,NULL,10-10-2023,NULL
319,29,Baahubali: The Beginning,epic action film,7:00 AM - 9:00 AM,1,158 minutes,Hindi,₹140,09-10-2023,8.5
320,29,Dangal,biographical sports drama film,7:00 AM - 10:05 AM,2,161 minutes,Hindi,₹165,09-08-2023,9.5
321,29,Inception,science fiction action film,8:00 AM - 10:45 AM,3,148 minutes,Hindi,₹210,21-09-2023,7.6
322,29,Chaal Jeevi Laiye,comedy-drama road film,9:00 AM - 11:30 AM,4,146 minutes,Gujarati,₹120,14-07-2023,8
323,29,The Mummy,fantasy action-adventure film,10:00 AM - 12:00 PM,5,110 minutes,Hindi,₹ 210,05-09-2023,6.4
324,29,1920: Horrors of the Heart,horror film,8:00 AM - 10:15 AM,NULL,123 minutes,Hindi,NULL,10-10-2023,NULL
325,30,Baahubali: The Beginning,epic action film,7:00 AM - 9:00 AM,1,158 minutes,Hindi,₹140,09-10-2023,8.5
326,30,Dangal,biographical sports drama film,7:00 AM - 10:05 AM,2,161 minutes,Hindi,₹165,09-08-2023,9.5
327,30,Inception,science fiction action film,8:00 AM - 10:45 AM,3,148 minutes,Hindi,₹210,21-09-2023,7.6
328,30,Chaal Jeevi Laiye,comedy-drama road film,9:00 AM - 11:30 AM,4,146 minutes,Gujarati,₹120,14-07-2023,8
329,30,The Mummy,fantasy action-adventure film,10:00 AM - 12:00 PM,5,110 minutes,Hindi,₹ 210,05-09-2023,6.4
330,30,1920: Horrors of the Heart,horror film,8:00 AM - 10:15 AM,NULL,123 minutes,Hindi,NULL,10-10-2023,NULL
331,31,Baahubali: The Beginning,epic action film,7:00 AM - 9:00 AM,1,158 minutes,Hindi,₹140,09-10-2023,8.5
332,31,Dangal,biographical sports drama film,7:00 AM - 10:05 AM,2,161 minutes,Hindi,₹165,09-08-2023,9.5
333,31,Inception,science fiction action film,8:00 AM - 10:45 AM,3,148 minutes,Hindi,₹210,21-09-2023,7.6
334,31,Chaal Jeevi Laiye,comedy-drama road film,9:00 AM - 11:30 AM,4,146 minutes,Gujarati,₹120,14-07-2023,8
335,31,The Mummy,fantasy action-adventure film,10:00 AM - 12:00 PM,5,110 minutes,Hindi,₹ 210,05-09-2023,6.4
336,31,1920: Horrors of the Heart,horror film,8:00 AM - 10:15 AM,NULL,123 minutes,Hindi,NULL,10-10-2023,NULL
337,32,Baahubali: The Beginning,epic action film,7:00 AM - 9:00 AM,1,158 minutes,Hindi,₹140,09-10-2023,8.5
338,32,Dangal,biographical sports drama film,7:00 AM - 10:05 AM,2,161 minutes,Hindi,₹165,09-08-2023,9.5
339,32,Inception,science fiction action film,8:00 AM - 10:45 AM,3,148 minutes,Hindi,₹210,21-09-2023,7.6
340,32,Chaal Jeevi Laiye,comedy-drama road film,9:00 AM - 11:30 AM,4,146 minutes,Gujarati,₹120,14-07-2023,8
341,32,The Mummy,fantasy action-adventure film,10:00 AM - 12:00 PM,5,110 minutes,Hindi,₹ 210,05-09-2023,6.4
342,32,1920: Horrors of the Heart,horror film,8:00 AM - 10:15 AM,NULL,123 minutes,Hindi,NULL,10-10-2023,NULL
343,33,Baahubali: The Beginning,epic action film,7:00 AM - 9:00 AM,1,158 minutes,Hindi,₹140,09-10-2023,8.5
344,33,Dangal,biographical sports drama film,7:00 AM - 10:05 AM,2,161 minutes,Hindi,₹165,09-08-2023,9.5
345,33,Inception,science fiction action film,8:00 AM - 10:45 AM,3,148 minutes,Hindi,₹210,21-09-2023,7.6
346,33,Chaal Jeevi Laiye,comedy-drama road film,9:00 AM - 11:30 AM,4,146 minutes,Gujarati,₹120,14-07-2023,8
347,33,The Mummy,fantasy action-adventure film,10:00 AM - 12:00 PM,5,110 minutes,Hindi,₹ 210,05-09-2023,6.4
348,33,1920: Horrors of the Heart,horror film,8:00 AM - 10:15 AM,NULL,123 minutes,Hindi,NULL,10-10-2023,NULL
349,34,Baahubali: The Beginning,epic action film,7:00 AM - 9:00 AM,1,158 minutes,Hindi,₹140,09-10-2023,8.5
350,34,Dangal,biographical sports drama film,7:00 AM - 10:05 AM,2,161 minutes,Hindi,₹165,09-08-2023,9.5
351,34,Inception,science fiction action film,8:00 AM - 10:45 AM,3,148 minutes,Hindi,₹210,21-09-2023,7.6
352,34,Chaal Jeevi Laiye,comedy-drama road film,9:00 AM - 11:30 AM,4,146 minutes,Gujarati,₹120,14-07-2023,8
353,34,The Mummy,fantasy action-adventure film,10:00 AM - 12:00 PM,5,110 minutes,Hindi,₹ 210,05-09-2023,6.4
354,34,1920: Horrors of the Heart,horror film,8:00 AM - 10:15 AM,NULL,123 minutes,Hindi,NULL,10-10-2023,NULL
355,35,Baahubali: The Beginning,epic action film,7:00 AM - 9:00 AM,1,158 minutes,Hindi,₹160,09-10-2023,8.5
356,35,Dangal,biographical sports drama film,7:00 AM - 10:05 AM,2,161 minutes,Hindi,₹185,09-08-2023,9.5
357,35,Inception,science fiction action film,8:00 AM - 10:45 AM,3,148 minutes,Hindi,₹210,21-09-2023,7.6
358,35,Chaal Jeevi Laiye,comedy-drama road film,9:00 AM - 11:30 AM,4,146 minutes,Gujarati,₹80,14-07-2023,8
359,35,The Mummy,fantasy action-adventure film,10:00 AM - 12:00 PM,5,110 minutes,Hindi,₹ 230,05-09-2023,6.4
360,35,1920: Horrors of the Heart,horror film,8:00 AM - 10:15 AM,NULL,123 minutes,Hindi,NULL,10-10-2023,NULL
361,36,Baahubali: The Beginning,epic action film,7:00 AM - 9:00 AM,1,158 minutes,Hindi,₹160,09-10-2023,8.5
362,36,Dangal,biographical sports drama film,7:00 AM - 10:05 AM,2,161 minutes,Hindi,₹185,09-08-2023,9.5
363,36,Inception,science fiction action film,8:00 AM - 10:45 AM,3,148 minutes,Hindi,₹210,21-09-2023,7.6
364,36,Chaal Jeevi Laiye,comedy-drama road film,9:00 AM - 11:30 AM,4,146 minutes,Gujarati,₹80,14-07-2023,8
365,36,The Mummy,fantasy action-adventure film,10:00 AM - 12:00 PM,5,110 minutes,Hindi,₹ 230,05-09-2023,6.4
366,36,1920: Horrors of the Heart,horror film,8:00 AM - 10:15 AM,NULL,123 minutes,Hindi,NULL,10-10-2023,NULL
367,37,Baahubali: The Beginning,epic action film,7:00 AM - 9:00 AM,1,158 minutes,Hindi,₹160,09-10-2023,8.5
368,37,Dangal,biographical sports drama film,7:00 AM - 10:05 AM,2,161 minutes,Hindi,₹185,09-08-2023,9.5
369,37,Inception,science fiction action film,8:00 AM - 10:45 AM,3,148 minutes,Hindi,₹210,21-09-2023,7.6
370,37,Chaal Jeevi Laiye,comedy-drama road film,9:00 AM - 11:30 AM,4,146 minutes,Gujarati,₹80,14-07-2023,8
371,37,The Mummy,fantasy action-adventure film,10:00 AM - 12:00 PM,5,110 minutes,Hindi,₹ 230,05-09-2023,6.4
372,37,1920: Horrors of the Heart,horror film,8:00 AM - 10:15 AM,NULL,123 minutes,Hindi,NULL,10-10-2023,NULL
373,38,Baahubali: The Beginning,epic action film,7:00 AM - 9:00 AM,1,158 minutes,Hindi,₹160,09-10-2023,8.5
374,38,Dangal,biographical sports drama film,7:00 AM - 10:05 AM,2,161 minutes,Hindi,₹185,09-08-2023,9.5
375,38,Inception,science fiction action film,8:00 AM - 10:45 AM,3,148 minutes,Hindi,₹210,21-09-2023,7.6
376,38,Chaal Jeevi Laiye,comedy-drama road film,9:00 AM - 11:30 AM,4,146 minutes,Gujarati,₹80,14-07-2023,8
377,38,The Mummy,fantasy action-adventure film,10:00 AM - 12:00 PM,5,110 minutes,Hindi,₹ 230,05-09-2023,6.4
378,38,1920: Horrors of the Heart,horror film,8:00 AM - 10:15 AM,NULL,123 minutes,Hindi,NULL,10-10-2023,NULL
379,39,Baahubali: The Beginning,epic action film,7:00 AM - 9:00 AM,1,158 minutes,Hindi,₹160,09-10-2023,8.5
380,39,Dangal,biographical sports drama film,7:00 AM - 10:05 AM,2,161 minutes,Hindi,₹185,09-08-2023,9.5
381,39,Inception,science fiction action film,8:00 AM - 10:45 AM,3,148 minutes,Hindi,₹210,21-09-2023,7.6
382,39,Chaal Jeevi Laiye,comedy-drama road film,9:00 AM - 11:30 AM,4,146 minutes,Gujarati,₹80,14-07-2023,8
383,39,The Mummy,fantasy action-adventure film,10:00 AM - 12:00 PM,5,110 minutes,Hindi,₹ 230,05-09-2023,6.4
384,39,1920: Horrors of the Heart,horror film,8:00 AM - 10:15 AM,NULL,123 minutes,Hindi,NULL,10-10-2023,NULL
385,40,Baahubali: The Beginning,epic action film,7:00 AM - 9:00 AM,1,158 minutes,Hindi,₹ 160,09-10-2023,8.5
386,40,Dangal,biographical sports drama film,7:00 AM - 10:05 AM,2,161 minutes,Hindi,₹ 185,09-08-2023,9.5
387,40,Inception,science fiction action film,8:00 AM - 10:45 AM,3,148 minutes,Hindi,₹ 210,21-09-2023,7.6
388,40,Chaal Jeevi Laiye,comedy-drama road film,9:00 AM - 11:30 AM,4,146 minutes,Gujarati,₹ 80,14-07-2023,8
389,40,The Mummy,fantasy action-adventure film,10:00 AM - 12:00 PM,5,110 minutes,Hindi,₹ 230,05-09-2023,6.4
390,40,1920: Horrors of the Heart,horror film,8:00 AM - 10:15 AM,NULL,123 minutes,Hindi,NULL,10-10-2023,NULL
391,41,Baahubali: The Beginning,epic action film,7:00 AM - 9:00 AM,1,158 minutes,Hindi,₹ 160,09-10-2023,8.5
392,41,Dangal,biographical sports drama film,7:00 AM - 10:05 AM,2,161 minutes,Hindi,₹ 185,09-08-2023,9.5
393,41,Inception,science fiction action film,8:00 AM - 10:45 AM,3,148 minutes,Hindi,₹ 210,21-09-2023,7.6
394,41,Chaal Jeevi Laiye,comedy-drama road film,9:00 AM - 11:30 AM,4,146 minutes,Gujarati,₹ 80,14-07-2023,8
395,41,The Mummy,fantasy action-adventure film,10:00 AM - 12:00 PM,5,110 minutes,Hindi,₹ 230,05-09-2023,6.4
396,41,1920: Horrors of the Heart,horror film,8:00 AM - 10:15 AM,NULL,123 minutes,Hindi,NULL,10-10-2023,NULL
397,42,Baahubali: The Beginning,epic action film,7:00 AM - 9:00 AM,1,158 minutes,Hindi,₹ 160,09-10-2023,8.5
398,42,Dangal,biographical sports drama film,7:00 AM - 10:05 AM,2,161 minutes,Hindi,₹ 185,09-08-2023,9.5
399,42,Inception,science fiction action film,8:00 AM - 10:45 AM,3,148 minutes,Hindi,₹ 210,21-09-2023,7.6
400,42,Chaal Jeevi Laiye,comedy-drama road film,9:00 AM - 11:30 AM,4,146 minutes,Gujarati,₹ 80,14-07-2023,8
401,42,The Mummy,fantasy action-adventure film,10:00 AM - 12:00 PM,5,110 minutes,Hindi,₹ 230,05-09-2023,6.4
402,42,1920: Horrors of the Heart,horror film,8:00 AM - 10:15 AM,NULL,123 minutes,Hindi,NULL,10-10-2023,NULL
403,43,Baahubali: The Beginning,epic action film,7:00 AM - 9:00 AM,1,158 minutes,Hindi,₹ 160,09-10-2023,8.5
404,43,Dangal,biographical sports drama film,7:00 AM - 10:05 AM,2,161 minutes,Hindi,₹ 185,09-08-2023,9.5
405,43,Inception,science fiction action film,8:00 AM - 10:45 AM,3,148 minutes,Hindi,₹ 210,21-09-2023,7.6
406,43,Chaal Jeevi Laiye,comedy-drama road film,9:00 AM - 11:30 AM,4,146 minutes,Gujarati,₹ 80,14-07-2023,8
407,43,The Mummy,fantasy action-adventure film,10:00 AM - 12:00 PM,5,110 minutes,Hindi,₹ 230,05-09-2023,6.4
408,43,1920: Horrors of the Heart,horror film,8:00 AM - 10:15 AM,NULL,123 minutes,Hindi,NULL,10-10-2023,NULL
409,44,Baahubali: The Beginning,epic action film,7:00 AM - 9:00 AM,1,158 minutes,Hindi,₹ 160,09-10-2023,8.5
410,44,Dangal,biographical sports drama film,7:00 AM - 10:05 AM,2,161 minutes,Hindi,₹ 185,09-08-2023,9.5
411,44,Inception,science fiction action film,8:00 AM - 10:45 AM,3,148 minutes,Hindi,₹ 210,21-09-2023,7.6
412,44,Chaal Jeevi Laiye,comedy-drama road film,9:00 AM - 11:30 AM,4,146 minutes,Gujarati,₹ 80,14-07-2023,8
413,44,The Mummy,fantasy action-adventure film,10:00 AM - 12:00 PM,5,110 minutes,Hindi,₹ 230,05-09-2023,6.4
414,44,1920: Horrors of the Heart,horror film,8:00 AM - 10:15 AM,NULL,123 minutes,Hindi,NULL,10-10-2023,NULL
415,45,Baahubali: The Beginning,epic action film,7:00 AM - 9:00 AM,1,158 minutes,Hindi,₹ 160,09-10-2023,8.5
416,45,Dangal,biographical sports drama film,7:00 AM - 10:05 AM,2,161 minutes,Hindi,₹ 185,09-08-2023,9.5
417,45,Inception,science fiction action film,8:00 AM - 10:45 AM,3,148 minutes,Hindi,₹ 210,21-09-2023,7.6
418,45,Chaal Jeevi Laiye,comedy-drama road film,9:00 AM - 11:30 AM,4,146 minutes,Gujarati,₹ 80,14-07-2023,8
419,45,Bobby Jasoos,Hindi-language comedy drama,8:00 AM - 10:45 AM,3,121 minutes,Hindi,₹ 150,21-09-2023,7.9
420,45,1920: Horrors of the Heart,horror film,8:00 AM - 10:15 AM,NULL,123 minutes,Hindi,NULL,10-10-2023,NULL
421,46,Baahubali: The Beginning,epic action film,7:00 AM - 9:00 AM,1,158 minutes,Hindi,₹ 160,09-10-2023,8.5
422,46,Dangal,biographical sports drama film,7:00 AM - 10:05 AM,2,161 minutes,Hindi,₹ 185,09-08-2023,9.5
423,46,Inception,science fiction action film,8:00 AM - 10:45 AM,3,148 minutes,Hindi,₹ 210,21-09-2023,7.6
424,46,Chaal Jeevi Laiye,comedy-drama road film,9:00 AM - 11:30 AM,4,146 minutes,Gujarati,₹ 80,14-07-2023,8
425,46,Bobby Jasoos,Hindi-language comedy drama,8:00 AM - 10:45 AM,3,121 minutes,Hindi,₹ 150,21-09-2023,7.9
426,46,1920: Horrors of the Heart,horror film,8:00 AM - 10:15 AM,NULL,123 minutes,Hindi,NULL,10-10-2023,NULL
427,47,Baahubali: The Beginning,epic action film,7:00 AM - 9:00 AM,1,158 minutes,Hindi,₹ 160,09-10-2023,8.5
428,47,Dangal,biographical sports drama film,7:00 AM - 10:05 AM,2,161 minutes,Hindi,₹ 185,09-08-2023,9.5
429,47,Inception,science fiction action film,8:00 AM - 10:45 AM,3,148 minutes,Hindi,₹ 210,21-09-2023,7.6
430,47,Chaal Jeevi Laiye,comedy-drama road film,9:00 AM - 11:30 AM,4,146 minutes,Gujarati,₹ 80,14-07-2023,8
431,47,Bobby Jasoos,Hindi-language comedy drama,8:00 AM - 10:45 AM,3,121 minutes,Hindi,₹ 150,21-09-2023,7.9
432,47,1920: Horrors of the Heart,horror film,8:00 AM - 10:15 AM,NULL,123 minutes,Hindi,NULL,10-10-2023,NULL
433,48,Baahubali: The Beginning,epic action film,7:00 AM - 9:00 AM,1,158 minutes,Hindi,₹ 160,09-10-2023,8.5
434,48,Dangal,biographical sports drama film,7:00 AM - 10:05 AM,2,161 minutes,Hindi,₹ 185,09-08-2023,9.5
435,48,Inception,science fiction action film,8:00 AM - 10:45 AM,3,148 minutes,Hindi,₹ 210,21-09-2023,7.6
436,48,Chaal Jeevi Laiye,comedy-drama road film,9:00 AM - 11:30 AM,4,146 minutes,Gujarati,₹ 80,14-07-2023,8
437,48,Bobby Jasoos,Hindi-language comedy drama,8:00 AM - 10:45 AM,3,121 minutes,Hindi,₹ 150,21-09-2023,7.9
438,48,1920: Horrors of the Heart,horror film,8:00 AM - 10:15 AM,NULL,123 minutes,Hindi,NULL,10-10-2023,NULL
439,49,Baahubali: The Beginning,epic action film,7:00 AM - 9:00 AM,1,158 minutes,Hindi,₹ 160,09-10-2023,8.5
440,49,Dangal,biographical sports drama film,7:00 AM - 10:05 AM,2,161 minutes,Hindi,₹ 185,09-08-2023,9.5
441,49,Inception,science fiction action film,8:00 AM - 10:45 AM,3,148 minutes,Hindi,₹ 210,21-09-2023,7.6
442,49,Chaal Jeevi Laiye,comedy-drama road film,9:00 AM - 11:30 AM,4,146 minutes,Gujarati,₹ 80,14-07-2023,8
443,49,Bobby Jasoos,Hindi-language comedy drama,8:00 AM - 10:45 AM,3,121 minutes,Hindi,₹ 150,21-09-2023,7.9
444,49,1920: Horrors of the Heart,horror film,8:00 AM - 10:15 AM,NULL,123 minutes,Hindi,NULL,10-10-2023,NULL
445,50,Baahubali: The Beginning,epic action film,7:00 AM - 9:00 AM,1,158 minutes,Hindi,₹ 160,09-10-2023,8.5
446,50,Dangal,biographical sports drama film,7:00 AM - 10:05 AM,2,161 minutes,Hindi,₹ 185,09-08-2023,9.5
447,50,Inception,science fiction action film,8:00 AM - 10:45 AM,3,148 minutes,Hindi,₹ 210,21-09-2023,7.6
448,50,Chaal Jeevi Laiye,comedy-drama road film,9:00 AM - 11:30 AM,4,146 minutes,Gujarati,₹ 80,14-07-2023,8
449,50,Bobby Jasoos,Hindi-language comedy drama,8:00 AM - 10:45 AM,3,121 minutes,Hindi,₹ 150,21-09-2023,7.9
450,50,1920: Horrors of the Heart,horror film,8:00 AM - 10:15 AM,NULL,123 minutes,Hindi,NULL,10-10-2023,NULL
451,51,Baahubali: The Beginning,epic action film,7:00 AM - 9:00 AM,1,158 minutes,Hindi,₹ 160,09-10-2023,8.5
452,51,Dangal,biographical sports drama film,7:00 AM - 10:05 AM,2,161 minutes,Hindi,₹ 185,09-08-2023,9.5
453,51,Inception,science fiction action film,8:00 AM - 10:45 AM,3,148 minutes,Hindi,₹ 210,21-09-2023,7.6
454,51,Chaal Jeevi Laiye,comedy-drama road film,9:00 AM - 11:30 AM,4,146 minutes,Gujarati,₹ 80,14-07-2023,8
455,51,Bobby Jasoos,Hindi-language comedy drama,8:00 AM - 10:45 AM,3,121 minutes,Hindi,₹ 150,21-09-2023,7.9
456,51,1920: Horrors of the Heart,horror film,8:00 AM - 10:15 AM,NULL,123 minutes,Hindi,NULL,10-10-2023,NULL
457,52,Baahubali: The Beginning,epic action film,7:00 AM - 9:00 AM,1,158 minutes,Hindi,₹ 160,09-10-2023,8.5
458,52,Dangal,biographical sports drama film,7:00 AM - 10:05 AM,2,161 minutes,Hindi,₹ 185,09-08-2023,9.5
459,52,Inception,science fiction action film,8:00 AM - 10:45 AM,3,148 minutes,Hindi,₹ 210,21-09-2023,7.6
460,52,Chaal Jeevi Laiye,comedy-drama road film,9:00 AM - 11:30 AM,4,146 minutes,Gujarati,₹ 80,14-07-2023,8
461,52,Bobby Jasoos,Hindi-language comedy drama,8:00 AM - 10:45 AM,3,121 minutes,Hindi,₹ 150,21-09-2023,7.9
462,52,1920: Horrors of the Heart,horror film,8:00 AM - 10:15 AM,NULL,123 minutes,Hindi,NULL,10-10-2023,NULL
463,53,Baahubali: The Beginning,epic action film,7:00 AM - 9:00 AM,1,158 minutes,Hindi,₹ 160,09-10-2023,8.5
464,53,Dangal,biographical sports drama film,7:00 AM - 10:05 AM,2,161 minutes,Hindi,₹ 185,09-08-2023,9.5
465,53,Inception,science fiction action film,8:00 AM - 10:45 AM,3,148 minutes,Hindi,₹ 210,21-09-2023,7.6
466,53,Chaal Jeevi Laiye,comedy-drama road film,9:00 AM - 11:30 AM,4,146 minutes,Gujarati,₹ 80,14-07-2023,8
467,53,Bobby Jasoos,Hindi-language comedy drama,8:00 AM - 10:45 AM,3,121 minutes,Hindi,₹ 150,21-09-2023,7.9
468,53,1920: Horrors of the Heart,horror film,8:00 AM - 10:15 AM,NULL,123 minutes,Hindi,NULL,10-10-2023,NULL
469,54,Baahubali: The Beginning,epic action film,7:00 AM - 9:00 AM,1,158 minutes,Hindi,₹ 160,09-10-2023,8.5
470,54,Dangal,biographical sports drama film,7:00 AM - 10:05 AM,2,161 minutes,Hindi,₹ 185,09-08-2023,9.5
471,54,Inception,science fiction action film,8:00 AM - 10:45 AM,3,148 minutes,Hindi,₹ 210,21-09-2023,7.6
472,54,Chaal Jeevi Laiye,comedy-drama road film,9:00 AM - 11:30 AM,4,146 minutes,Gujarati,₹ 80,14-07-2023,8
473,54,Bobby Jasoos,Hindi-language comedy drama,8:00 AM - 10:45 AM,3,121 minutes,Hindi,₹ 150,21-09-2023,7.9
474,54,1920: Horrors of the Heart,horror film,8:00 AM - 10:15 AM,NULL,123 minutes,Hindi,NULL,10-10-2023,NULL
475,55,Baahubali: The Beginning,epic action film,7:00 AM - 9:00 AM,1,158 minutes,Hindi,₹ 160,09-10-2023,8.5
476,55,Dangal,biographical sports drama film,7:00 AM - 10:05 AM,2,161 minutes,Hindi,₹ 185,09-08-2023,9.5
477,55,Inception,science fiction action film,8:00 AM - 10:45 AM,3,148 minutes,Hindi,₹ 210,21-09-2023,7.6
478,55,Chaal Jeevi Laiye,comedy-drama road film,9:00 AM - 11:30 AM,4,146 minutes,Gujarati,₹ 80,14-07-2023,8
479,55,Bobby Jasoos,Hindi-language comedy drama,8:00 AM - 10:45 AM,3,121 minutes,Hindi,₹ 150,21-09-2023,7.9
480,55,1920: Horrors of the Heart,horror film,8:00 AM - 10:15 AM,NULL,123 minutes,Hindi,NULL,10-10-2023,NULL
481,56,Baahubali: The Beginning,epic action film,7:00 AM - 9:00 AM,1,158 minutes,Hindi,₹ 160,09-10-2023,8.5
482,56,Dangal,biographical sports drama film,7:00 AM - 10:05 AM,2,161 minutes,Hindi,₹ 185,09-08-2023,9.5
483,56,Inception,science fiction action film,8:00 AM - 10:45 AM,3,148 minutes,Hindi,₹ 210,21-09-2023,7.6
484,56,Chaal Jeevi Laiye,comedy-drama road film,9:00 AM - 11:30 AM,4,146 minutes,Gujarati,₹ 80,14-07-2023,8
485,56,Bobby Jasoos,Hindi-language comedy drama,8:00 AM - 10:45 AM,3,121 minutes,Hindi,₹ 150,21-09-2023,7.9
486,56,1920: Horrors of the Heart,horror film,8:00 AM - 10:15 AM,NULL,123 minutes,Hindi,NULL,10-10-2023,NULL
487,57,Baahubali: The Beginning,epic action film,7:00 AM - 9:00 AM,1,158 minutes,Hindi,₹ 160,09-10-2023,8.5
488,57,Dangal,biographical sports drama film,7:00 AM - 10:05 AM,2,161 minutes,Hindi,₹ 185,09-08-2023,9.5
489,57,Inception,science fiction action film,8:00 AM - 10:45 AM,3,148 minutes,Hindi,₹ 210,21-09-2023,7.6
490,57,Chaal Jeevi Laiye,comedy-drama road film,9:00 AM - 11:30 AM,4,146 minutes,Gujarati,₹ 80,14-07-2023,8
491,57,Bobby Jasoos,Hindi-language comedy drama,8:00 AM - 10:45 AM,3,121 minutes,Hindi,₹ 150,21-09-2023,7.9
492,57,1920: Horrors of the Heart,horror film,8:00 AM - 10:15 AM,NULL,123 minutes,Hindi,NULL,10-10-2023,NULL
493,58,Baahubali: The Beginning,epic action film,7:00 AM - 9:00 AM,1,158 minutes,Hindi,₹ 160,09-10-2023,8.5
494,58,Dangal,biographical sports drama film,7:00 AM - 10:05 AM,2,161 minutes,Hindi,₹ 185,09-08-2023,9.5
495,58,Inception,science fiction action film,8:00 AM - 10:45 AM,3,148 minutes,Hindi,₹ 210,21-09-2023,7.6
496,58,Chaal Jeevi Laiye,comedy-drama road film,9:00 AM - 11:30 AM,4,146 minutes,Gujarati,₹ 80,14-07-2023,8
497,58,Bobby Jasoos,Hindi-language comedy drama,8:00 AM - 10:45 AM,3,121 minutes,Hindi,₹ 150,21-09-2023,7.9
498,58,1920: Horrors of the Heart,horror film,8:00 AM - 10:15 AM,NULL,123 minutes,Hindi,NULL,10-10-2023,NULL
499,59,Baahubali: The Beginning,epic action film,7:00 AM - 9:00 AM,1,158 minutes,Hindi,₹ 160,09-10-2023,8.5
500,59,Dangal,biographical sports drama film,7:00 AM - 10:05 AM,2,161 minutes,Hindi,₹ 185,09-08-2023,9.5
501,59,Inception,science fiction action film,8:00 AM - 10:45 AM,3,148 minutes,Hindi,₹ 210,21-09-2023,7.6
502,59,Chaal Jeevi Laiye,comedy-drama road film,9:00 AM - 11:30 AM,4,146 minutes,Gujarati,₹ 80,14-07-2023,8
503,59,Bobby Jasoos,Hindi-language comedy drama,8:00 AM - 10:45 AM,3,121 minutes,Hindi,₹ 150,21-09-2023,7.9
504,59,1920: Horrors of the Heart,horror film,8:00 AM - 10:15 AM,NULL,123 minutes,Hindi,NULL,10-10-2023,NULL
505,60,Baahubali: The Beginning,epic action film,7:00 AM - 9:00 AM,1,158 minutes,Hindi,₹ 160,09-10-2023,8.5
506,60,Dangal,biographical sports drama film,7:00 AM - 10:05 AM,2,161 minutes,Hindi,₹ 185,09-08-2023,9.5
507,60,Inception,science fiction action film,8:00 AM - 10:45 AM,3,148 minutes,Hindi,₹ 210,21-09-2023,7.6
508,60,Chaal Jeevi Laiye,comedy-drama road film,9:00 AM - 11:30 AM,4,146 minutes,Gujarati,₹ 80,14-07-2023,8
509,60,Bobby Jasoos,Hindi-language comedy drama,8:00 AM - 10:45 AM,3,121 minutes,Hindi,₹ 150,21-09-2023,7.9
510,60,1920: Horrors of the Heart,horror film,8:00 AM - 10:15 AM,NULL,123 minutes,Hindi,NULL,10-10-2023,NULL
511,61,Baahubali: The Beginning,epic action film,7:00 AM - 9:00 AM,1,158 minutes,Hindi,₹ 160,09-10-2023,8.5
512,61,Dangal,biographical sports drama film,7:00 AM - 10:05 AM,2,161 minutes,Hindi,₹ 185,09-08-2023,9.5
513,61,Inception,science fiction action film,8:00 AM - 10:45 AM,3,148 minutes,Hindi,₹ 210,21-09-2023,7.6
514,61,Chaal Jeevi Laiye,comedy-drama road film,9:00 AM - 11:30 AM,4,146 minutes,Gujarati,₹ 80,14-07-2023,8
515,61,Bobby Jasoos,Hindi-language comedy drama,8:00 AM - 10:45 AM,3,121 minutes,Hindi,₹ 150,21-09-2023,7.9
516,61,1920: Horrors of the Heart,horror film,8:00 AM - 10:15 AM,NULL,123 minutes,Hindi,NULL,10-10-2023,NULL
517,62,Baahubali: The Beginning,epic action film,7:00 AM - 9:00 AM,1,158 minutes,Hindi,₹ 160,09-10-2023,8.5
518,62,Dangal,biographical sports drama film,7:00 AM - 10:05 AM,2,161 minutes,Hindi,₹ 185,09-08-2023,9.5
519,62,Inception,science fiction action film,8:00 AM - 10:45 AM,3,148 minutes,Hindi,₹ 210,21-09-2023,7.6
520,62,Chaal Jeevi Laiye,comedy-drama road film,9:00 AM - 11:30 AM,4,146 minutes,Gujarati,₹ 80,14-07-2023,8
521,62,Bobby Jasoos,Hindi-language comedy drama,8:00 AM - 10:45 AM,3,121 minutes,Hindi,₹ 150,21-09-2023,7.9
522,62,1920: Horrors of the Heart,horror film,8:00 AM - 10:15 AM,NULL,123 minutes,Hindi,NULL,10-10-2023,NULL
523,63,Baahubali: The Beginning,epic action film,7:00 AM - 9:00 AM,1,158 minutes,Hindi,₹ 160,09-10-2023,8.5
524,63,Dangal,biographical sports drama film,7:00 AM - 10:05 AM,2,161 minutes,Hindi,₹ 185,09-08-2023,9.5
525,63,Inception,science fiction action film,8:00 AM - 10:45 AM,3,148 minutes,Hindi,₹ 210,21-09-2023,7.6
526,63,Chaal Jeevi Laiye,comedy-drama road film,9:00 AM - 11:30 AM,4,146 minutes,Gujarati,₹ 80,14-07-2023,8
527,63,Bobby Jasoos,Hindi-language comedy drama,8:00 AM - 10:45 AM,3,121 minutes,Hindi,₹ 150,21-09-2023,7.9
528,63,1920: Horrors of the Heart,horror film,8:00 AM - 10:15 AM,NULL,123 minutes,Hindi,NULL,10-10-2023,NULL
529,64,Baahubali: The Beginning,epic action film,7:00 AM - 9:00 AM,1,158 minutes,Hindi,₹ 160,09-10-2023,8.5
530,64,Dangal,biographical sports drama film,7:00 AM - 10:05 AM,2,161 minutes,Hindi,₹ 185,09-08-2023,9.5
531,64,Inception,science fiction action film,8:00 AM - 10:45 AM,3,148 minutes,Hindi,₹ 210,21-09-2023,7.6
532,64,Chaal Jeevi Laiye,comedy-drama road film,9:00 AM - 11:30 AM,4,146 minutes,Gujarati,₹ 80,14-07-2023,8
533,64,Bobby Jasoos,Hindi-language comedy drama,8:00 AM - 10:45 AM,3,121 minutes,Hindi,₹ 150,21-09-2023,7.9
534,64,1920: Horrors of the Heart,horror film,8:00 AM - 10:15 AM,NULL,123 minutes,Hindi,NULL,10-10-2023,NULL
535,65,Baahubali: The Beginning,epic action film,7:00 AM - 9:00 AM,1,158 minutes,Hindi,₹ 160,09-10-2023,8.5
536,65,Dangal,biographical sports drama film,7:00 AM - 10:05 AM,2,161 minutes,Hindi,₹ 185,09-08-2023,9.5
537,65,Inception,science fiction action film,8:00 AM - 10:45 AM,3,148 minutes,Hindi,₹ 210,21-09-2023,7.6
538,65,Chaal Jeevi Laiye,comedy-drama road film,9:00 AM - 11:30 AM,4,146 minutes,Gujarati,₹ 80,14-07-2023,8
539,65,Bobby Jasoos,Hindi-language comedy drama,8:00 AM - 10:45 AM,3,121 minutes,Hindi,₹ 150,21-09-2023,7.9
540,65,1920: Horrors of the Heart,horror film,8:00 AM - 10:15 AM,NULL,123 minutes,Hindi,NULL,10-10-2023,NULL
541,66,Baahubali: The Beginning,epic action film,7:00 AM - 9:00 AM,1,158 minutes,Hindi,₹ 160,09-10-2023,8.5
542,66,Dangal,biographical sports drama film,7:00 AM - 10:05 AM,2,161 minutes,Hindi,₹ 185,09-08-2023,9.5
543,66,Inception,science fiction action film,8:00 AM - 10:45 AM,3,148 minutes,Hindi,₹ 210,21-09-2023,7.6
544,66,Chaal Jeevi Laiye,comedy-drama road film,9:00 AM - 11:30 AM,4,146 minutes,Gujarati,₹ 80,14-07-2023,8
545,66,Bobby Jasoos,Hindi-language comedy drama,8:00 AM - 10:45 AM,3,121 minutes,Hindi,₹ 150,21-09-2023,7.9
546,66,1920: Horrors of the Heart,horror film,8:00 AM - 10:15 AM,NULL,123 minutes,Hindi,NULL,10-10-2023,NULL
547,67,Baahubali: The Beginning,epic action film,7:00 AM - 9:00 AM,1,158 minutes,Hindi,₹ 160,09-10-2023,8.5
548,67,Dangal,biographical sports drama film,7:00 AM - 10:05 AM,2,161 minutes,Hindi,₹ 185,09-08-2023,9.5
549,67,Inception,science fiction action film,8:00 AM - 10:45 AM,3,148 minutes,Hindi,₹ 210,21-09-2023,7.6
550,67,Chaal Jeevi Laiye,comedy-drama road film,9:00 AM - 11:30 AM,4,146 minutes,Gujarati,₹ 80,14-07-2023,8
551,67,Bobby Jasoos,Hindi-language comedy drama,8:00 AM - 10:45 AM,3,121 minutes,Hindi,₹ 150,21-09-2023,7.9
552,67,1920: Horrors of the Heart,horror film,8:00 AM - 10:15 AM,NULL,123 minutes,Hindi,NULL,10-10-2023,NULL
553,68,Baahubali: The Beginning,epic action film,7:00 AM - 9:00 AM,1,158 minutes,Hindi,₹ 160,09-10-2023,8.5
554,68,Dangal,biographical sports drama film,7:00 AM - 10:05 AM,2,161 minutes,Hindi,₹ 185,09-08-2023,9.5
555,68,Inception,science fiction action film,8:00 AM - 10:45 AM,3,148 minutes,Hindi,₹ 210,21-09-2023,7.6
556,68,Chaal Jeevi Laiye,comedy-drama road film,9:00 AM - 11:30 AM,4,146 minutes,Gujarati,₹ 80,14-07-2023,8
557,68,Bobby Jasoos,Hindi-language comedy drama,8:00 AM - 10:45 AM,3,121 minutes,Hindi,₹ 150,21-09-2023,7.9
558,68,1920: Horrors of the Heart,horror film,8:00 AM - 10:15 AM,NULL,123 minutes,Hindi,NULL,10-10-2023,NULL
559,69,Baahubali: The Beginning,epic action film,7:00 AM - 9:00 AM,1,158 minutes,Hindi,₹ 160,09-10-2023,8.5
560,69,Dangal,biographical sports drama film,7:00 AM - 10:05 AM,2,161 minutes,Hindi,₹ 185,09-08-2023,9.5
561,69,Inception,science fiction action film,8:00 AM - 10:45 AM,3,148 minutes,Hindi,₹ 210,21-09-2023,7.6
562,69,Chaal Jeevi Laiye,comedy-drama road film,9:00 AM - 11:30 AM,4,146 minutes,Gujarati,₹ 80,14-07-2023,8
563,69,Bobby Jasoos,Hindi-language comedy drama,8:00 AM - 10:45 AM,3,121 minutes,Hindi,₹ 150,21-09-2023,7.9
564,69,1920: Horrors of the Heart,horror film,8:00 AM - 10:15 AM,NULL,123 minutes,Hindi,NULL,10-10-2023,NULL
565,70,Baahubali: The Beginning,epic action film,7:00 AM - 9:00 AM,1,158 minutes,Hindi,₹ 160,09-10-2023,8.5
566,70,Dangal,biographical sports drama film,7:00 AM - 10:05 AM,2,161 minutes,Hindi,₹ 185,09-08-2023,9.5
567,70,Inception,science fiction action film,8:00 AM - 10:45 AM,3,148 minutes,Hindi,₹ 210,21-09-2023,7.6
568,70,Chaal Jeevi Laiye,comedy-drama road film,9:00 AM - 11:30 AM,4,146 minutes,Gujarati,₹ 80,14-07-2023,8
569,70,Bobby Jasoos,Hindi-language comedy drama,8:00 AM - 10:45 AM,3,121 minutes,Hindi,₹ 150,21-09-2023,7.9
570,70,1920: Horrors of the Heart,horror film,8:00 AM - 10:15 AM,NULL,123 minutes,Hindi,NULL,10-10-2023,NULL
571,71,Baahubali: The Beginning,epic action film,7:00 AM - 9:00 AM,1,158 minutes,Hindi,₹ 160,09-10-2023,8.5
572,71,Dangal,biographical sports drama film,7:00 AM - 10:05 AM,2,161 minutes,Hindi,₹ 185,09-08-2023,9.5
573,71,Inception,science fiction action film,8:00 AM - 10:45 AM,3,148 minutes,Hindi,₹ 210,21-09-2023,7.6
574,71,Chaal Jeevi Laiye,comedy-drama road film,9:00 AM - 11:30 AM,4,146 minutes,Gujarati,₹ 80,14-07-2023,8
575,71,Bobby Jasoos,Hindi-language comedy drama,8:00 AM - 10:45 AM,3,121 minutes,Hindi,₹ 150,21-09-2023,7.9
576,71,1920: Horrors of the Heart,horror film,8:00 AM - 10:15 AM,NULL,123 minutes,Hindi,NULL,10-10-2023,NULL
577,72,Baahubali: The Beginning,epic action film,7:00 AM - 9:00 AM,1,158 minutes,Hindi,₹ 160,09-10-2023,8.5
578,72,Dangal,biographical sports drama film,7:00 AM - 10:05 AM,2,161 minutes,Hindi,₹ 185,09-08-2023,9.5
579,72,Inception,science fiction action film,8:00 AM - 10:45 AM,3,148 minutes,Hindi,₹ 210,21-09-2023,7.6
580,72,Chaal Jeevi Laiye,comedy-drama road film,9:00 AM - 11:30 AM,4,146 minutes,Gujarati,₹ 80,14-07-2023,8
581,72,Bobby Jasoos,Hindi-language comedy drama,8:00 AM - 10:45 AM,3,121 minutes,Hindi,₹ 150,21-09-2023,7.9
582,72,1920: Horrors of the Heart,horror film,8:00 AM - 10:15 AM,NULL,123 minutes,Hindi,NULL,10-10-2023,NULL
583,73,Baahubali: The Beginning,epic action film,7:00 AM - 9:00 AM,1,158 minutes,Hindi,₹ 160,09-10-2023,8.5
584,73,Dangal,biographical sports drama film,7:00 AM - 10:05 AM,2,161 minutes,Hindi,₹ 185,09-08-2023,9.5
585,73,Inception,science fiction action film,8:00 AM - 10:45 AM,3,148 minutes,Hindi,₹ 210,21-09-2023,7.6
586,73,Chaal Jeevi Laiye,comedy-drama road film,9:00 AM - 11:30 AM,4,146 minutes,Gujarati,₹ 80,14-07-2023,8
587,73,Bobby Jasoos,Hindi-language comedy drama,8:00 AM - 10:45 AM,3,121 minutes,Hindi,₹ 150,21-09-2023,7.9
588,73,1920: Horrors of the Heart,horror film,8:00 AM - 10:15 AM,NULL,123 minutes,Hindi,NULL,10-10-2023,NULL
589,74,Baahubali: The Beginning,epic action film,7:00 AM - 9:00 AM,1,158 minutes,Hindi,₹ 160,09-10-2023,8.5
590,74,Dangal,biographical sports drama film,7:00 AM - 10:05 AM,2,161 minutes,Hindi,₹ 185,09-08-2023,9.5
591,74,Inception,science fiction action film,8:00 AM - 10:45 AM,3,148 minutes,Hindi,₹ 210,21-09-2023,7.6
592,74,Chaal Jeevi Laiye,comedy-drama road film,9:00 AM - 11:30 AM,4,146 minutes,Gujarati,₹ 80,14-07-2023,8
593,74,Bobby Jasoos,Hindi-language comedy drama,8:00 AM - 10:45 AM,3,121 minutes,Hindi,₹ 150,21-09-2023,7.9
594,74,1920: Horrors of the Heart,horror film,8:00 AM - 10:15 AM,NULL,123 minutes,Hindi,NULL,10-10-2023,NULL
595,75,Baahubali: The Beginning,epic action film,7:00 AM - 9:00 AM,1,158 minutes,Hindi,₹ 160,09-10-2023,8.5
596,75,Dangal,biographical sports drama film,7:00 AM - 10:05 AM,2,161 minutes,Hindi,₹ 185,09-08-2023,9.5
597,75,Inception,science fiction action film,8:00 AM - 10:45 AM,3,148 minutes,Hindi,₹ 210,21-09-2023,7.6
598,75,Chaal Jeevi Laiye,comedy-drama road film,9:00 AM - 11:30 AM,4,146 minutes,Gujarati,₹ 80,14-07-2023,8
599,75,Bobby Jasoos,Hindi-language comedy drama,8:00 AM - 10:45 AM,3,121 minutes,Hindi,₹ 150,21-09-2023,7.9
600,75,1920: Horrors of the Heart,horror film,8:00 AM - 10:15 AM,NULL,123 minutes,Hindi,NULL,10-10-2023,NULL
601,76,Baahubali: The Beginning,epic action film,7:00 AM - 9:00 AM,1,158 minutes,Hindi,₹ 160,09-10-2023,8.5
602,76,Dangal,biographical sports drama film,7:00 AM - 10:05 AM,2,161 minutes,Hindi,₹ 185,09-08-2023,9.5
603,76,Inception,science fiction action film,8:00 AM - 10:45 AM,3,148 minutes,Hindi,₹ 210,21-09-2023,7.6
604,76,Chaal Jeevi Laiye,comedy-drama road film,9:00 AM - 11:30 AM,4,146 minutes,Gujarati,₹ 80,14-07-2023,8
605,76,Bobby Jasoos,Hindi-language comedy drama,8:00 AM - 10:45 AM,3,121 minutes,Hindi,₹ 150,21-09-2023,7.9
606,76,1920: Horrors of the Heart,horror film,8:00 AM - 10:15 AM,NULL,123 minutes,Hindi,NULL,10-10-2023,NULL
607,77,Baahubali: The Beginning,epic action film,7:00 AM - 9:00 AM,1,158 minutes,Hindi,₹ 160,09-10-2023,8.5
608,77,Dangal,biographical sports drama film,7:00 AM - 10:05 AM,2,161 minutes,Hindi,₹ 185,09-08-2023,9.5
609,77,Inception,science fiction action film,8:00 AM - 10:45 AM,3,148 minutes,Hindi,₹ 210,21-09-2023,7.6
610,77,Chaal Jeevi Laiye,comedy-drama road film,9:00 AM - 11:30 AM,4,146 minutes,Gujarati,₹ 80,14-07-2023,8
611,77,Bobby Jasoos,Hindi-language comedy drama,8:00 AM - 10:45 AM,3,121 minutes,Hindi,₹ 150,21-09-2023,7.9
612,77,1920: Horrors of the Heart,horror film,8:00 AM - 10:15 AM,NULL,123 minutes,Hindi,NULL,10-10-2023,NULL
613,78,Baahubali: The Beginning,epic action film,7:00 AM - 9:00 AM,1,158 minutes,Hindi,₹ 160,09-10-2023,8.5
614,78,Dangal,biographical sports drama film,7:00 AM - 10:05 AM,2,161 minutes,Hindi,₹ 185,09-08-2023,9.5
615,78,Inception,science fiction action film,8:00 AM - 10:45 AM,3,148 minutes,Hindi,₹ 210,21-09-2023,7.6
616,78,Chaal Jeevi Laiye,comedy-drama road film,9:00 AM - 11:30 AM,4,146 minutes,Gujarati,₹ 80,14-07-2023,8
617,78,Bobby Jasoos,Hindi-language comedy drama,8:00 AM - 10:45 AM,3,121 minutes,Hindi,₹ 150,21-09-2023,7.9
618,78,1920: Horrors of the Heart,horror film,8:00 AM - 10:15 AM,NULL,123 minutes,Hindi,NULL,10-10-2023,NULL
619,79,Baahubali: The Beginning,epic action film,7:00 AM - 9:00 AM,1,158 minutes,Hindi,₹ 160,09-10-2023,8.5
620,79,Dangal,biographical sports drama film,7:00 AM - 10:05 AM,2,161 minutes,Hindi,₹ 185,09-08-2023,9.5
621,79,Inception,science fiction action film,8:00 AM - 10:45 AM,3,148 minutes,Hindi,₹ 210,21-09-2023,7.6
622,79,Chaal Jeevi Laiye,comedy-drama road film,9:00 AM - 11:30 AM,4,146 minutes,Gujarati,₹ 80,14-07-2023,8
623,79,Bobby Jasoos,Hindi-language comedy drama,8:00 AM - 10:45 AM,3,121 minutes,Hindi,₹ 150,21-09-2023,7.9
624,79,1920: Horrors of the Heart,horror film,8:00 AM - 10:15 AM,NULL,123 minutes,Hindi,NULL,10-10-2023,NULL
625,80,Baahubali: The Beginning,epic action film,7:00 AM - 9:00 AM,1,158 minutes,Hindi,₹ 160,09-10-2023,8.5
626,80,Dangal,biographical sports drama film,7:00 AM - 10:05 AM,2,161 minutes,Hindi,₹ 185,09-08-2023,9.5
627,80,Inception,science fiction action film,8:00 AM - 10:45 AM,3,148 minutes,Hindi,₹ 210,21-09-2023,7.6
628,80,Chaal Jeevi Laiye,comedy-drama road film,9:00 AM - 11:30 AM,4,146 minutes,Gujarati,₹ 80,14-07-2023,8
629,80,Bobby Jasoos,Hindi-language comedy drama,8:00 AM - 10:45 AM,3,121 minutes,Hindi,₹ 150,21-09-2023,7.9
630,80,1920: Horrors of the Heart,horror film,8:00 AM - 10:15 AM,NULL,123 minutes,Hindi,NULL,10-10-2023,NULL
631,81,Baahubali: The Beginning,epic action film,7:00 AM - 9:00 AM,1,158 minutes,Hindi,₹ 160,09-10-2023,8.5
632,81,Dangal,biographical sports drama film,7:00 AM - 10:05 AM,2,161 minutes,Hindi,₹ 185,09-08-2023,9.5
633,81,Inception,science fiction action film,8:00 AM - 10:45 AM,3,148 minutes,Hindi,₹ 210,21-09-2023,7.6
634,81,Chaal Jeevi Laiye,comedy-drama road film,9:00 AM - 11:30 AM,4,146 minutes,Gujarati,₹ 80,14-07-2023,8
635,81,Bobby Jasoos,Hindi-language comedy drama,8:00 AM - 10:45 AM,3,121 minutes,Hindi,₹ 150,21-09-2023,7.9
636,81,1920: Horrors of the Heart,horror film,8:00 AM - 10:15 AM,NULL,123 minutes,Hindi,NULL,10-10-2023,NULL
637,82,Baahubali: The Beginning,epic action film,7:00 AM - 9:00 AM,1,158 minutes,Hindi,₹ 160,09-10-2023,8.5
638,82,Dangal,biographical sports drama film,7:00 AM - 10:05 AM,2,161 minutes,Hindi,₹ 185,09-08-2023,9.5
639,82,Inception,science fiction action film,8:00 AM - 10:45 AM,3,148 minutes,Hindi,₹ 210,21-09-2023,7.6
640,82,Chaal Jeevi Laiye,comedy-drama road film,9:00 AM - 11:30 AM,4,146 minutes,Gujarati,₹ 80,14-07-2023,8
641,82,Bobby Jasoos,Hindi-language comedy drama,8:00 AM - 10:45 AM,3,121 minutes,Hindi,₹ 150,21-09-2023,7.9
642,82,1920: Horrors of the Heart,horror film,8:00 AM - 10:15 AM,NULL,123 minutes,Hindi,NULL,10-10-2023,NULL
643,83,Baahubali: The Beginning,epic action film,7:00 AM - 9:00 AM,1,158 minutes,Hindi,₹ 160,09-10-2023,8.5
644,83,Dangal,biographical sports drama film,7:00 AM - 10:05 AM,2,161 minutes,Hindi,₹ 185,09-08-2023,9.5
645,83,Inception,science fiction action film,8:00 AM - 10:45 AM,3,148 minutes,Hindi,₹ 210,21-09-2023,7.6
646,83,Chaal Jeevi Laiye,comedy-drama road film,9:00 AM - 11:30 AM,4,146 minutes,Gujarati,₹ 80,14-07-2023,8
647,83,Bobby Jasoos,Hindi-language comedy drama,8:00 AM - 10:45 AM,3,121 minutes,Hindi,₹ 150,21-09-2023,7.9
648,83,1920: Horrors of the Heart,horror film,8:00 AM - 10:15 AM,NULL,123 minutes,Hindi,NULL,10-10-2023,NULL
649,84,Baahubali: The Beginning,epic action film,7:00 AM - 9:00 AM,1,158 minutes,Hindi,₹ 160,09-10-2023,8.5
650,84,Dangal,biographical sports drama film,7:00 AM - 10:05 AM,2,161 minutes,Hindi,₹ 185,09-08-2023,9.5
651,84,Inception,science fiction action film,8:00 AM - 10:45 AM,3,148 minutes,Hindi,₹ 210,21-09-2023,7.6
652,84,Chaal Jeevi Laiye,comedy-drama road film,9:00 AM - 11:30 AM,4,146 minutes,Gujarati,₹ 80,14-07-2023,8
653,84,Bobby Jasoos,Hindi-language comedy drama,8:00 AM - 10:45 AM,3,121 minutes,Hindi,₹ 150,21-09-2023,7.9
654,84,1920: Horrors of the Heart,horror film,8:00 AM - 10:15 AM,NULL,123 minutes,Hindi,NULL,10-10-2023,NULL
655,85,Baahubali: The Beginning,epic action film,7:00 AM - 9:00 AM,1,158 minutes,Hindi,₹ 160,09-10-2023,8.5
656,85,Dangal,biographical sports drama film,7:00 AM - 10:05 AM,2,161 minutes,Hindi,₹ 185,09-08-2023,9.5
657,85,Inception,science fiction action film,8:00 AM - 10:45 AM,3,148 minutes,Hindi,₹ 210,21-09-2023,7.6
658,85,Chaal Jeevi Laiye,comedy-drama road film,9:00 AM - 11:30 AM,4,146 minutes,Gujarati,₹ 80,14-07-2023,8
659,85,Bobby Jasoos,Hindi-language comedy drama,8:00 AM - 10:45 AM,3,121 minutes,Hindi,₹ 150,21-09-2023,7.9
660,85,1920: Horrors of the Heart,horror film,8:00 AM - 10:15 AM,NULL,123 minutes,Hindi,NULL,10-10-2023,NULL
661,86,Baahubali: The Beginning,epic action film,7:00 AM - 9:00 AM,1,158 minutes,Hindi,₹ 160,09-10-2023,8.5
662,86,Dangal,biographical sports drama film,7:00 AM - 10:05 AM,2,161 minutes,Hindi,₹ 185,09-08-2023,9.5
663,86,Inception,science fiction action film,8:00 AM - 10:45 AM,3,148 minutes,Hindi,₹ 210,21-09-2023,7.6
664,86,Chaal Jeevi Laiye,comedy-drama road film,9:00 AM - 11:30 AM,4,146 minutes,Gujarati,₹ 80,14-07-2023,8
665,86,Bobby Jasoos,Hindi-language comedy drama,8:00 AM - 10:45 AM,3,121 minutes,Hindi,₹ 150,21-09-2023,7.9
666,86,1920: Horrors of the Heart,horror film,8:00 AM - 10:15 AM,NULL,123 minutes,Hindi,NULL,10-10-2023,NULL
667,87,Baahubali: The Beginning,epic action film,7:00 AM - 9:00 AM,1,158 minutes,Hindi,₹ 160,09-10-2023,8.5
668,87,Dangal,biographical sports drama film,7:00 AM - 10:05 AM,2,161 minutes,Hindi,₹ 185,09-08-2023,9.5
669,87,Inception,science fiction action film,8:00 AM - 10:45 AM,3,148 minutes,Hindi,₹ 210,21-09-2023,7.6
670,87,Chaal Jeevi Laiye,comedy-drama road film,9:00 AM - 11:30 AM,4,146 minutes,Gujarati,₹ 80,14-07-2023,8
671,87,Bobby Jasoos,Hindi-language comedy drama,8:00 AM - 10:45 AM,3,121 minutes,Hindi,₹ 150,21-09-2023,7.9
672,87,1920: Horrors of the Heart,horror film,8:00 AM - 10:15 AM,NULL,123 minutes,Hindi,NULL,10-10-2023,NULL
673,88,Baahubali: The Beginning,epic action film,7:00 AM - 9:00 AM,1,158 minutes,Hindi,₹ 160,09-10-2023,8.5
674,88,Dangal,biographical sports drama film,7:00 AM - 10:05 AM,2,161 minutes,Hindi,₹ 185,09-08-2023,9.5
675,88,Inception,science fiction action film,8:00 AM - 10:45 AM,3,148 minutes,Hindi,₹ 210,21-09-2023,7.6
676,88,Chaal Jeevi Laiye,comedy-drama road film,9:00 AM - 11:30 AM,4,146 minutes,Gujarati,₹ 80,14-07-2023,8
677,88,Bobby Jasoos,Hindi-language comedy drama,8:00 AM - 10:45 AM,3,121 minutes,Hindi,₹ 150,21-09-2023,7.9
678,88,1920: Horrors of the Heart,horror film,8:00 AM - 10:15 AM,NULL,123 minutes,Hindi,NULL,10-10-2023,NULL
679,89,Baahubali: The Beginning,epic action film,7:00 AM - 9:00 AM,1,158 minutes,Hindi,₹ 160,09-10-2023,8.5
680,89,Dangal,biographical sports drama film,7:00 AM - 10:05 AM,2,161 minutes,Hindi,₹ 185,09-08-2023,9.5
681,89,Inception,science fiction action film,8:00 AM - 10:45 AM,3,148 minutes,Hindi,₹ 210,21-09-2023,7.6
682,89,Chaal Jeevi Laiye,comedy-drama road film,9:00 AM - 11:30 AM,4,146 minutes,Gujarati,₹ 80,14-07-2023,8
683,89,Bobby Jasoos,Hindi-language comedy drama,8:00 AM - 10:45 AM,3,121 minutes,Hindi,₹ 150,21-09-2023,7.9
684,89,1920: Horrors of the Heart,horror film,8:00 AM - 10:15 AM,NULL,123 minutes,Hindi,NULL,10-10-2023,NULL
685,90,Baahubali: The Beginning,epic action film,7:00 AM - 9:00 AM,1,158 minutes,Hindi,₹ 160,09-10-2023,8.5
686,90,Dangal,biographical sports drama film,7:00 AM - 10:05 AM,2,161 minutes,Hindi,₹ 185,09-08-2023,9.5
687,90,Inception,science fiction action film,8:00 AM - 10:45 AM,3,148 minutes,Hindi,₹ 210,21-09-2023,7.6
688,90,Chaal Jeevi Laiye,comedy-drama road film,9:00 AM - 11:30 AM,4,146 minutes,Gujarati,₹ 80,14-07-2023,8
689,90,Bobby Jasoos,Hindi-language comedy drama,8:00 AM - 10:45 AM,3,121 minutes,Hindi,₹ 150,21-09-2023,7.9
690,90,1920: Horrors of the Heart,horror film,8:00 AM - 10:15 AM,NULL,123 minutes,Hindi,NULL,10-10-2023,NULL
691,91,Baahubali: The Beginning,epic action film,7:00 AM - 9:00 AM,1,158 minutes,Hindi,₹ 160,09-10-2023,8.5
692,91,Dangal,biographical sports drama film,7:00 AM - 10:05 AM,2,161 minutes,Hindi,₹ 185,09-08-2023,9.5
693,91,Inception,science fiction action film,8:00 AM - 10:45 AM,3,148 minutes,Hindi,₹ 210,21-09-2023,7.6
694,91,Chaal Jeevi Laiye,comedy-drama road film,9:00 AM - 11:30 AM,4,146 minutes,Gujarati,₹ 80,14-07-2023,8
695,91,Bobby Jasoos,Hindi-language comedy drama,8:00 AM - 10:45 AM,3,121 minutes,Hindi,₹ 150,21-09-2023,7.9
696,91,1920: Horrors of the Heart,horror film,8:00 AM - 10:15 AM,NULL,123 minutes,Hindi,NULL,10-10-2023,NULL
697,92,Baahubali: The Beginning,epic action film,7:00 AM - 9:00 AM,1,158 minutes,Hindi,₹ 160,09-10-2023,8.5
698,92,Dangal,biographical sports drama film,7:00 AM - 10:05 AM,2,161 minutes,Hindi,₹ 185,09-08-2023,9.5
699,92,Inception,science fiction action film,8:00 AM - 10:45 AM,3,148 minutes,Hindi,₹ 210,21-09-2023,7.6
700,92,Chaal Jeevi Laiye,comedy-drama road film,9:00 AM - 11:30 AM,4,146 minutes,Gujarati,₹ 80,14-07-2023,8
701,92,Bobby Jasoos,Hindi-language comedy drama,8:00 AM - 10:45 AM,3,121 minutes,Hindi,₹ 150,21-09-2023,7.9
702,92,1920: Horrors of the Heart,horror film,8:00 AM - 10:15 AM,NULL,123 minutes,Hindi,NULL,10-10-2023,NULL
703,93,Baahubali: The Beginning,epic action film,7:00 AM - 9:00 AM,1,158 minutes,Hindi,₹ 160,09-10-2023,8.5
704,93,Dangal,biographical sports drama film,7:00 AM - 10:05 AM,2,161 minutes,Hindi,₹ 185,09-08-2023,9.5
705,93,Inception,science fiction action film,8:00 AM - 10:45 AM,3,148 minutes,Hindi,₹ 210,21-09-2023,7.6
706,93,Chaal Jeevi Laiye,comedy-drama road film,9:00 AM - 11:30 AM,4,146 minutes,Gujarati,₹ 80,14-07-2023,8
707,93,Bobby Jasoos,Hindi-language comedy drama,8:00 AM - 10:45 AM,3,121 minutes,Hindi,₹ 150,21-09-2023,7.9
708,93,1920: Horrors of the Heart,horror film,8:00 AM - 10:15 AM,NULL,123 minutes,Hindi,NULL,10-10-2023,NULL
709,94,Baahubali: The Beginning,epic action film,7:00 AM - 9:00 AM,1,158 minutes,Hindi,₹ 160,09-10-2023,8.5
710,94,Dangal,biographical sports drama film,7:00 AM - 10:05 AM,2,161 minutes,Hindi,₹ 185,09-08-2023,9.5
711,94,Inception,science fiction action film,8:00 AM - 10:45 AM,3,148 minutes,Hindi,₹ 210,21-09-2023,7.6
712,94,Chaal Jeevi Laiye,comedy-drama road film,9:00 AM - 11:30 AM,4,146 minutes,Gujarati,₹ 80,14-07-2023,8
713,94,Bobby Jasoos,Hindi-language comedy drama,8:00 AM - 10:45 AM,3,121 minutes,Hindi,₹ 150,21-09-2023,7.9
714,94,1920: Horrors of the Heart,horror film,8:00 AM - 10:15 AM,NULL,123 minutes,Hindi,NULL,10-10-2023,NULL
715,95,Baahubali: The Beginning,epic action film,7:00 AM - 9:00 AM,1,158 minutes,Hindi,₹ 160,09-10-2023,8.5
716,95,Dangal,biographical sports drama film,7:00 AM - 10:05 AM,2,161 minutes,Hindi,₹ 185,09-08-2023,9.5
717,95,Inception,science fiction action film,8:00 AM - 10:45 AM,3,148 minutes,Hindi,₹ 210,21-09-2023,7.6
718,95,Chaal Jeevi Laiye,comedy-drama road film,9:00 AM - 11:30 AM,4,146 minutes,Gujarati,₹ 80,14-07-2023,8
719,95,Bobby Jasoos,Hindi-language comedy drama,8:00 AM - 10:45 AM,3,121 minutes,Hindi,₹ 150,21-09-2023,7.9
720,95,1920: Horrors of the Heart,horror film,8:00 AM - 10:15 AM,NULL,123 minutes,Hindi,NULL,10-10-2023,NULL
721,96,Baahubali: The Beginning,epic action film,7:00 AM - 9:00 AM,1,158 minutes,Hindi,₹ 160,09-10-2023,8.5
722,96,Dangal,biographical sports drama film,7:00 AM - 10:05 AM,2,161 minutes,Hindi,₹ 185,09-08-2023,9.5
723,96,Inception,science fiction action film,8:00 AM - 10:45 AM,3,148 minutes,Hindi,₹ 210,21-09-2023,7.6
724,96,Chaal Jeevi Laiye,comedy-drama road film,9:00 AM - 11:30 AM,4,146 minutes,Gujarati,₹ 80,14-07-2023,8
725,96,Bobby Jasoos,Hindi-language comedy drama,8:00 AM - 10:45 AM,3,121 minutes,Hindi,₹ 150,21-09-2023,7.9
726,96,1920: Horrors of the Heart,horror film,8:00 AM - 10:15 AM,NULL,123 minutes,Hindi,NULL,10-10-2023,NULL
727,97,Baahubali: The Beginning,epic action film,7:00 AM - 9:00 AM,1,158 minutes,Hindi,₹ 160,09-10-2023,8.5
728,97,Dangal,biographical sports drama film,7:00 AM - 10:05 AM,2,161 minutes,Hindi,₹ 185,09-08-2023,9.5
729,97,Inception,science fiction action film,8:00 AM - 10:45 AM,3,148 minutes,Hindi,₹ 210,21-09-2023,7.6
730,97,Chaal Jeevi Laiye,comedy-drama road film,9:00 AM - 11:30 AM,4,146 minutes,Gujarati,₹ 80,14-07-2023,8
731,97,Bobby Jasoos,Hindi-language comedy drama,8:00 AM - 10:45 AM,3,121 minutes,Hindi,₹ 150,21-09-2023,7.9
732,97,1920: Horrors of the Heart,horror film,8:00 AM - 10:15 AM,NULL,123 minutes,Hindi,NULL,10-10-2023,NULL
733,98,Baahubali: The Beginning,epic action film,7:00 AM - 9:00 AM,1,158 minutes,Hindi,₹ 160,09-10-2023,8.5
734,98,Dangal,biographical sports drama film,7:00 AM - 10:05 AM,2,161 minutes,Hindi,₹ 185,09-08-2023,9.5
735,98,Inception,science fiction action film,8:00 AM - 10:45 AM,3,148 minutes,Hindi,₹ 210,21-09-2023,7.6
736,98,Chaal Jeevi Laiye,comedy-drama road film,9:00 AM - 11:30 AM,4,146 minutes,Gujarati,₹ 80,14-07-2023,8
737,98,Bobby Jasoos,Hindi-language comedy drama,8:00 AM - 10:45 AM,3,121 minutes,Hindi,₹ 150,21-09-2023,7.9
738,98,1920: Horrors of the Heart,horror film,8:00 AM - 10:15 AM,NULL,123 minutes,Hindi,NULL,10-10-2023,NULL
739,99,Baahubali: The Beginning,epic action film,7:00 AM - 9:00 AM,1,158 minutes,Hindi,₹ 160,09-10-2023,8.5
740,99,Dangal,biographical sports drama film,7:00 AM - 10:05 AM,2,161 minutes,Hindi,₹ 185,09-08-2023,9.5
741,99,Inception,science fiction action film,8:00 AM - 10:45 AM,3,148 minutes,Hindi,₹ 210,21-09-2023,7.6
742,99,Chaal Jeevi Laiye,comedy-drama road film,9:00 AM - 11:30 AM,4,146 minutes,Gujarati,₹ 80,14-07-2023,8
743,99,Bobby Jasoos,Hindi-language comedy drama,8:00 AM - 10:45 AM,3,121 minutes,Hindi,₹ 150,21-09-2023,7.9
744,99,1920: Horrors of the Heart,horror film,8:00 AM - 10:15 AM,NULL,123 minutes,Hindi,NULL,10-10-2023,NULL
745,100,Baahubali: The Beginning,epic action film,7:00 AM - 9:00 AM,1,158 minutes,Hindi,₹ 160,09-10-2023,8.5
746,100,Dangal,biographical sports drama film,7:00 AM - 10:05 AM,2,161 minutes,Hindi,₹ 185,09-08-2023,9.5
747,100,Inception,science fiction action film,8:00 AM - 10:45 AM,3,148 minutes,Hindi,₹ 210,21-09-2023,7.6
748,100,Chaal Jeevi Laiye,comedy-drama road film,9:00 AM - 11:30 AM,4,146 minutes,Gujarati,₹ 80,14-07-2023,8
749,100,Bobby Jasoos,Hindi-language comedy drama,8:00 AM - 10:45 AM,3,121 minutes,Hindi,₹ 150,21-09-2023,7.9
750,100,1920: Horrors of the Heart,horror film,8:00 AM - 10:15 AM,NULL,123 minutes,Hindi,NULL,10-10-2023,NULL
751,101,Baahubali: The Beginning,epic action film,7:00 AM - 9:00 AM,1,158 minutes,Hindi,₹ 160,09-10-2023,8.5
752,101,Dangal,biographical sports drama film,7:00 AM - 10:05 AM,2,161 minutes,Hindi,₹ 185,09-08-2023,9.5
753,101,Inception,science fiction action film,8:00 AM - 10:45 AM,3,148 minutes,Hindi,₹ 210,21-09-2023,7.6
754,101,Chaal Jeevi Laiye,comedy-drama road film,9:00 AM - 11:30 AM,4,146 minutes,Gujarati,₹ 80,14-07-2023,8
755,101,Bobby Jasoos,Hindi-language comedy drama,8:00 AM - 10:45 AM,3,121 minutes,Hindi,₹ 150,21-09-2023,7.9
756,101,1920: Horrors of the Heart,horror film,8:00 AM - 10:15 AM,NULL,123 minutes,Hindi,NULL,10-10-2023,NULL
757,102,Baahubali: The Beginning,epic action film,7:00 AM - 9:00 AM,1,158 minutes,Hindi,₹ 160,09-10-2023,8.5
758,102,Dangal,biographical sports drama film,7:00 AM - 10:05 AM,2,161 minutes,Hindi,₹ 185,09-08-2023,9.5
759,102,Inception,science fiction action film,8:00 AM - 10:45 AM,3,148 minutes,Hindi,₹ 210,21-09-2023,7.6
760,102,Chaal Jeevi Laiye,comedy-drama road film,9:00 AM - 11:30 AM,4,146 minutes,Gujarati,₹ 80,14-07-2023,8
761,102,Bobby Jasoos,Hindi-language comedy drama,8:00 AM - 10:45 AM,3,121 minutes,Hindi,₹ 150,21-09-2023,7.9
762,102,1920: Horrors of the Heart,horror film,8:00 AM - 10:15 AM,NULL,123 minutes,Hindi,NULL,10-10-2023,NULL
763,103,Baahubali: The Beginning,epic action film,7:00 AM - 9:00 AM,1,158 minutes,Hindi,₹ 160,09-10-2023,8.5
764,103,Dangal,biographical sports drama film,7:00 AM - 10:05 AM,2,161 minutes,Hindi,₹ 185,09-08-2023,9.5
765,103,Inception,science fiction action film,8:00 AM - 10:45 AM,3,148 minutes,Hindi,₹ 210,21-09-2023,7.6
766,103,Chaal Jeevi Laiye,comedy-drama road film,9:00 AM - 11:30 AM,4,146 minutes,Gujarati,₹ 80,14-07-2023,8
767,103,Bobby Jasoos,Hindi-language comedy drama,8:00 AM - 10:45 AM,3,121 minutes,Hindi,₹ 150,21-09-2023,7.9
768,103,1920: Horrors of the Heart,horror film,8:00 AM - 10:15 AM,NULL,123 minutes,Hindi,NULL,10-10-2023,NULL
769,104,Baahubali: The Beginning,epic action film,7:00 AM - 9:00 AM,1,158 minutes,Hindi,₹ 160,09-10-2023,8.5
770,104,Dangal,biographical sports drama film,7:00 AM - 10:05 AM,2,161 minutes,Hindi,₹ 185,09-08-2023,9.5
771,104,Inception,science fiction action film,8:00 AM - 10:45 AM,3,148 minutes,Hindi,₹ 210,21-09-2023,7.6
772,104,Chaal Jeevi Laiye,comedy-drama road film,9:00 AM - 11:30 AM,4,146 minutes,Gujarati,₹ 80,14-07-2023,8
773,104,Bobby Jasoos,Hindi-language comedy drama,8:00 AM - 10:45 AM,3,121 minutes,Hindi,₹ 150,21-09-2023,7.9
774,104,1920: Horrors of the Heart,horror film,8:00 AM - 10:15 AM,NULL,123 minutes,Hindi,NULL,10-10-2023,NULL
775,105,Baahubali: The Beginning,epic action film,7:00 AM - 9:00 AM,1,158 minutes,Hindi,₹ 160,09-10-2023,8.5
776,105,Dangal,biographical sports drama film,7:00 AM - 10:05 AM,2,161 minutes,Hindi,₹ 185,09-08-2023,9.5
777,105,Inception,science fiction action film,8:00 AM - 10:45 AM,3,148 minutes,Hindi,₹ 210,21-09-2023,7.6
778,105,Chaal Jeevi Laiye,comedy-drama road film,9:00 AM - 11:30 AM,4,146 minutes,Gujarati,₹ 80,14-07-2023,8
779,105,Bobby Jasoos,Hindi-language comedy drama,8:00 AM - 10:45 AM,3,121 minutes,Hindi,₹ 150,21-09-2023,7.9
780,105,1920: Horrors of the Heart,horror film,8:00 AM - 10:15 AM,NULL,123 minutes,Hindi,NULL,10-10-2023,NULL
781,106,Baahubali: The Beginning,epic action film,7:00 AM - 9:00 AM,1,158 minutes,Hindi,₹ 160,09-10-2023,8.5
782,106,Dangal,biographical sports drama film,7:00 AM - 10:05 AM,2,161 minutes,Hindi,₹ 185,09-08-2023,9.5
783,106,Inception,science fiction action film,8:00 AM - 10:45 AM,3,148 minutes,Hindi,₹ 210,21-09-2023,7.6
784,106,Chaal Jeevi Laiye,comedy-drama road film,9:00 AM - 11:30 AM,4,146 minutes,Gujarati,₹ 80,14-07-2023,8
785,106,Bobby Jasoos,Hindi-language comedy drama,8:00 AM - 10:45 AM,3,121 minutes,Hindi,₹ 150,21-09-2023,7.9
786,106,1920: Horrors of the Heart,horror film,8:00 AM - 10:15 AM,NULL,123 minutes,Hindi,NULL,10-10-2023,NULL
787,107,Baahubali: The Beginning,epic action film,7:00 AM - 9:00 AM,1,158 minutes,Hindi,₹ 160,09-10-2023,8.5
788,107,Dangal,biographical sports drama film,7:00 AM - 10:05 AM,2,161 minutes,Hindi,₹ 185,09-08-2023,9.5
789,107,Inception,science fiction action film,8:00 AM - 10:45 AM,3,148 minutes,Hindi,₹ 210,21-09-2023,7.6
790,107,Chaal Jeevi Laiye,comedy-drama road film,9:00 AM - 11:30 AM,4,146 minutes,Gujarati,₹ 80,14-07-2023,8
791,107,Bobby Jasoos,Hindi-language comedy drama,8:00 AM - 10:45 AM,3,121 minutes,Hindi,₹ 150,21-09-2023,7.9
792,107,1920: Horrors of the Heart,horror film,8:00 AM - 10:15 AM,NULL,123 minutes,Hindi,NULL,10-10-2023,NULL
793,108,Baahubali: The Beginning,epic action film,7:00 AM - 9:00 AM,1,158 minutes,Hindi,₹ 160,09-10-2023,8.5
794,108,Dangal,biographical sports drama film,7:00 AM - 10:05 AM,2,161 minutes,Hindi,₹ 185,09-08-2023,9.5
795,108,Inception,science fiction action film,8:00 AM - 10:45 AM,3,148 minutes,Hindi,₹ 210,21-09-2023,7.6
796,108,Chaal Jeevi Laiye,comedy-drama road film,9:00 AM - 11:30 AM,4,146 minutes,Gujarati,₹ 80,14-07-2023,8
797,108,Bobby Jasoos,Hindi-language comedy drama,8:00 AM - 10:45 AM,3,121 minutes,Hindi,₹ 150,21-09-2023,7.9
798,108,1920: Horrors of the Heart,horror film,8:00 AM - 10:15 AM,NULL,123 minutes,Hindi,NULL,10-10-2023,NULL
799,109,Baahubali: The Beginning,epic action film,7:00 AM - 9:00 AM,1,158 minutes,Hindi,₹ 160,09-10-2023,8.5
800,109,Dangal,biographical sports drama film,7:00 AM - 10:05 AM,2,161 minutes,Hindi,₹ 185,09-08-2023,9.5
801,109,Inception,science fiction action film,8:00 AM - 10:45 AM,3,148 minutes,Hindi,₹ 210,21-09-2023,7.6
802,109,Chaal Jeevi Laiye,comedy-drama road film,9:00 AM - 11:30 AM,4,146 minutes,Gujarati,₹ 80,14-07-2023,8
803,109,Bobby Jasoos,Hindi-language comedy drama,8:00 AM - 10:45 AM,3,121 minutes,Hindi,₹ 150,21-09-2023,7.9
804,109,1920: Horrors of the Heart,horror film,8:00 AM - 10:15 AM,NULL,123 minutes,Hindi,NULL,10-10-2023,NULL
805,110,Baahubali: The Beginning,epic action film,7:00 AM - 9:00 AM,1,158 minutes,Hindi,₹ 160,09-10-2023,8.5
806,110,Dangal,biographical sports drama film,7:00 AM - 10:05 AM,2,161 minutes,Hindi,₹ 185,09-08-2023,9.5
807,110,Inception,science fiction action film,8:00 AM - 10:45 AM,3,148 minutes,Hindi,₹ 210,21-09-2023,7.6
808,110,Chaal Jeevi Laiye,comedy-drama road film,9:00 AM - 11:30 AM,4,146 minutes,Gujarati,₹ 80,14-07-2023,8
809,110,Bobby Jasoos,Hindi-language comedy drama,8:00 AM - 10:45 AM,3,121 minutes,Hindi,₹ 150,21-09-2023,7.9
810,110,1920: Horrors of the Heart,horror film,8:00 AM - 10:15 AM,NULL,123 minutes,Hindi,NULL,10-10-2023,NULL
811,111,Baahubali: The Beginning,epic action film,7:00 AM - 9:00 AM,1,158 minutes,Hindi,₹ 160,09-10-2023,8.5
812,111,Dangal,biographical sports drama film,7:00 AM - 10:05 AM,2,161 minutes,Hindi,₹ 185,09-08-2023,9.5
813,111,Inception,science fiction action film,8:00 AM - 10:45 AM,3,148 minutes,Hindi,₹ 210,21-09-2023,7.6
814,111,Chaal Jeevi Laiye,comedy-drama road film,9:00 AM - 11:30 AM,4,146 minutes,Gujarati,₹ 80,14-07-2023,8
815,111,Bobby Jasoos,Hindi-language comedy drama,8:00 AM - 10:45 AM,3,121 minutes,Hindi,₹ 150,21-09-2023,7.9
816,111,1920: Horrors of the Heart,horror film,8:00 AM - 10:15 AM,NULL,123 minutes,Hindi,NULL,10-10-2023,NULL
817,112,Baahubali: The Beginning,epic action film,7:00 AM - 9:00 AM,1,158 minutes,Hindi,₹ 160,09-10-2023,8.5
818,112,Dangal,biographical sports drama film,7:00 AM - 10:05 AM,2,161 minutes,Hindi,₹ 185,09-08-2023,9.5
819,112,Inception,science fiction action film,8:00 AM - 10:45 AM,3,148 minutes,Hindi,₹ 210,21-09-2023,7.6
820,112,Chaal Jeevi Laiye,comedy-drama road film,9:00 AM - 11:30 AM,4,146 minutes,Gujarati,₹ 80,14-07-2023,8
821,112,Bobby Jasoos,Hindi-language comedy drama,8:00 AM - 10:45 AM,3,121 minutes,Hindi,₹ 150,21-09-2023,7.9
822,112,1920: Horrors of the Heart,horror film,8:00 AM - 10:15 AM,NULL,123 minutes,Hindi,NULL,10-10-2023,NULL
823,113,Baahubali: The Beginning,epic action film,7:00 AM - 9:00 AM,1,158 minutes,Hindi,₹ 160,09-10-2023,8.5
824,113,Dangal,biographical sports drama film,7:00 AM - 10:05 AM,2,161 minutes,Hindi,₹ 185,09-08-2023,9.5
825,113,Inception,science fiction action film,8:00 AM - 10:45 AM,3,148 minutes,Hindi,₹ 210,21-09-2023,7.6
826,113,Chaal Jeevi Laiye,comedy-drama road film,9:00 AM - 11:30 AM,4,146 minutes,Gujarati,₹ 80,14-07-2023,8
827,113,Bobby Jasoos,Hindi-language comedy drama,8:00 AM - 10:45 AM,3,121 minutes,Hindi,₹ 150,21-09-2023,7.9
828,113,1920: Horrors of the Heart,horror film,8:00 AM - 10:15 AM,NULL,123 minutes,Hindi,NULL,10-10-2023,NULL
829,114,Baahubali: The Beginning,epic action film,7:00 AM - 9:00 AM,1,158 minutes,Hindi,₹ 160,09-10-2023,8.5
830,114,Dangal,biographical sports drama film,7:00 AM - 10:05 AM,2,161 minutes,Hindi,₹ 185,09-08-2023,9.5
831,114,Inception,science fiction action film,8:00 AM - 10:45 AM,3,148 minutes,Hindi,₹ 210,21-09-2023,7.6
832,114,Chaal Jeevi Laiye,comedy-drama road film,9:00 AM - 11:30 AM,4,146 minutes,Gujarati,₹ 80,14-07-2023,8
833,114,Bobby Jasoos,Hindi-language comedy drama,8:00 AM - 10:45 AM,3,121 minutes,Hindi,₹ 150,21-09-2023,7.9
834,114,1920: Horrors of the Heart,horror film,8:00 AM - 10:15 AM,NULL,123 minutes,Hindi,NULL,10-10-2023,NULL
835,115,Baahubali: The Beginning,epic action film,7:00 AM - 9:00 AM,1,158 minutes,Hindi,₹ 160,09-10-2023,8.5
836,115,Dangal,biographical sports drama film,7:00 AM - 10:05 AM,2,161 minutes,Hindi,₹ 185,09-08-2023,9.5
837,115,Inception,science fiction action film,8:00 AM - 10:45 AM,3,148 minutes,Hindi,₹ 210,21-09-2023,7.6
838,115,Chaal Jeevi Laiye,comedy-drama road film,9:00 AM - 11:30 AM,4,146 minutes,Gujarati,₹ 80,14-07-2023,8
839,115,Bobby Jasoos,Hindi-language comedy drama,8:00 AM - 10:45 AM,3,121 minutes,Hindi,₹ 150,21-09-2023,7.9
840,115,1920: Horrors of the Heart,horror film,8:00 AM - 10:15 AM,NULL,123 minutes,Hindi,NULL,10-10-2023,NULL
841,116,Baahubali: The Beginning,epic action film,7:00 AM - 9:00 AM,1,158 minutes,Hindi,₹ 160,09-10-2023,8.5
842,116,Dangal,biographical sports drama film,7:00 AM - 10:05 AM,2,161 minutes,Hindi,₹ 185,09-08-2023,9.5
843,116,Inception,science fiction action film,8:00 AM - 10:45 AM,3,148 minutes,Hindi,₹ 210,21-09-2023,7.6
844,116,Chaal Jeevi Laiye,comedy-drama road film,9:00 AM - 11:30 AM,4,146 minutes,Gujarati,₹ 80,14-07-2023,8
845,116,Bobby Jasoos,Hindi-language comedy drama,8:00 AM - 10:45 AM,3,121 minutes,Hindi,₹ 150,21-09-2023,7.9
846,116,1920: Horrors of the Heart,horror film,8:00 AM - 10:15 AM,NULL,123 minutes,Hindi,NULL,10-10-2023,NULL
847,117,Baahubali: The Beginning,epic action film,7:00 AM - 9:00 AM,1,158 minutes,Hindi,₹ 160,09-10-2023,8.5
848,117,Dangal,biographical sports drama film,7:00 AM - 10:05 AM,2,161 minutes,Hindi,₹ 185,09-08-2023,9.5
849,117,Inception,science fiction action film,8:00 AM - 10:45 AM,3,148 minutes,Hindi,₹ 210,21-09-2023,7.6
850,117,Chaal Jeevi Laiye,comedy-drama road film,9:00 AM - 11:30 AM,4,146 minutes,Gujarati,₹ 80,14-07-2023,8
851,117,Bobby Jasoos,Hindi-language comedy drama,8:00 AM - 10:45 AM,3,121 minutes,Hindi,₹ 150,21-09-2023,7.9
852,117,1920: Horrors of the Heart,horror film,8:00 AM - 10:15 AM,NULL,123 minutes,Hindi,NULL,10-10-2023,NULL
853,118,Baahubali: The Beginning,epic action film,7:00 AM - 9:00 AM,1,158 minutes,Hindi,₹ 160,09-10-2023,8.5
854,118,Dangal,biographical sports drama film,7:00 AM - 10:05 AM,2,161 minutes,Hindi,₹ 185,09-08-2023,9.5
855,118,Inception,science fiction action film,8:00 AM - 10:45 AM,3,148 minutes,Hindi,₹ 210,21-09-2023,7.6
856,118,Chaal Jeevi Laiye,comedy-drama road film,9:00 AM - 11:30 AM,4,146 minutes,Gujarati,₹ 80,14-07-2023,8
857,118,Bobby Jasoos,Hindi-language comedy drama,8:00 AM - 10:45 AM,3,121 minutes,Hindi,₹ 150,21-09-2023,7.9
858,118,1920: Horrors of the Heart,horror film,8:00 AM - 10:15 AM,NULL,123 minutes,Hindi,NULL,10-10-2023,NULL
859,119,Baahubali: The Beginning,epic action film,7:00 AM - 9:00 AM,1,158 minutes,Hindi,₹ 160,09-10-2023,8.5
860,119,Dangal,biographical sports drama film,7:00 AM - 10:05 AM,2,161 minutes,Hindi,₹ 185,09-08-2023,9.5
861,119,Inception,science fiction action film,8:00 AM - 10:45 AM,3,148 minutes,Hindi,₹ 210,21-09-2023,7.6
862,119,Chaal Jeevi Laiye,comedy-drama road film,9:00 AM - 11:30 AM,4,146 minutes,Gujarati,₹ 80,14-07-2023,8
863,119,Bobby Jasoos,Hindi-language comedy drama,8:00 AM - 10:45 AM,3,121 minutes,Hindi,₹ 150,21-09-2023,7.9
864,119,1920: Horrors of the Heart,horror film,8:00 AM - 10:15 AM,NULL,123 minutes,Hindi,NULL,10-10-2023,NULL
865,120,Baahubali: The Beginning,epic action film,7:00 AM - 9:00 AM,1,158 minutes,Hindi,₹ 160,09-10-2023,8.5
866,120,Dangal,biographical sports drama film,7:00 AM - 10:05 AM,2,161 minutes,Hindi,₹ 185,09-08-2023,9.5
867,120,Inception,science fiction action film,8:00 AM - 10:45 AM,3,148 minutes,Hindi,₹ 210,21-09-2023,7.6
868,120,Chaal Jeevi Laiye,comedy-drama road film,9:00 AM - 11:30 AM,4,146 minutes,Gujarati,₹ 80,14-07-2023,8
869,120,Bobby Jasoos,Hindi-language comedy drama,8:00 AM - 10:45 AM,3,121 minutes,Hindi,₹ 150,21-09-2023,7.9
870,120,1920: Horrors of the Heart,horror film,8:00 AM - 10:15 AM,NULL,123 minutes,Hindi,NULL,10-10-2023,NULL
871,121,Baahubali: The Beginning,epic action film,7:00 AM - 9:00 AM,1,158 minutes,Hindi,₹ 160,09-10-2023,8.5
872,121,Dangal,biographical sports drama film,7:00 AM - 10:05 AM,2,161 minutes,Hindi,₹ 185,09-08-2023,9.5
873,121,Inception,science fiction action film,8:00 AM - 10:45 AM,3,148 minutes,Hindi,₹ 210,21-09-2023,7.6
874,121,Chaal Jeevi Laiye,comedy-drama road film,9:00 AM - 11:30 AM,4,146 minutes,Gujarati,₹ 80,14-07-2023,8
875,121,Bobby Jasoos,Hindi-language comedy drama,8:00 AM - 10:45 AM,3,121 minutes,Hindi,₹ 150,21-09-2023,7.9
876,121,1920: Horrors of the Heart,horror film,8:00 AM - 10:15 AM,NULL,123 minutes,Hindi,NULL,10-10-2023,NULL
877,122,Baahubali: The Beginning,epic action film,7:00 AM - 9:00 AM,1,158 minutes,Hindi,₹ 160,09-10-2023,8.5
878,122,Dangal,biographical sports drama film,7:00 AM - 10:05 AM,2,161 minutes,Hindi,₹ 185,09-08-2023,9.5
879,122,Inception,science fiction action film,8:00 AM - 10:45 AM,3,148 minutes,Hindi,₹ 210,21-09-2023,7.6
880,122,Chaal Jeevi Laiye,comedy-drama road film,9:00 AM - 11:30 AM,4,146 minutes,Gujarati,₹ 80,14-07-2023,8
881,122,Bobby Jasoos,Hindi-language comedy drama,8:00 AM - 10:45 AM,3,121 minutes,Hindi,₹ 150,21-09-2023,7.9
882,122,1920: Horrors of the Heart,horror film,8:00 AM - 10:15 AM,NULL,123 minutes,Hindi,NULL,10-10-2023,NULL
883,123,Baahubali: The Beginning,epic action film,7:00 AM - 9:00 AM,1,158 minutes,Hindi,₹ 160,09-10-2023,8.5
884,123,Dangal,biographical sports drama film,7:00 AM - 10:05 AM,2,161 minutes,Hindi,₹ 185,09-08-2023,9.5
885,123,Inception,science fiction action film,8:00 AM - 10:45 AM,3,148 minutes,Hindi,₹ 210,21-09-2023,7.6
886,123,Chaal Jeevi Laiye,comedy-drama road film,9:00 AM - 11:30 AM,4,146 minutes,Gujarati,₹ 80,14-07-2023,8
887,123,Bobby Jasoos,Hindi-language comedy drama,8:00 AM - 10:45 AM,3,121 minutes,Hindi,₹ 150,21-09-2023,7.9
888,123,1920: Horrors of the Heart,horror film,8:00 AM - 10:15 AM,NULL,123 minutes,Hindi,NULL,10-10-2023,NULL
889,124,Baahubali: The Beginning,epic action film,7:00 AM - 9:00 AM,1,158 minutes,Hindi,₹ 160,09-10-2023,8.5
890,124,Dangal,biographical sports drama film,7:00 AM - 10:05 AM,2,161 minutes,Hindi,₹ 185,09-08-2023,9.5
891,124,Inception,science fiction action film,8:00 AM - 10:45 AM,3,148 minutes,Hindi,₹ 210,21-09-2023,7.6
892,124,Chaal Jeevi Laiye,comedy-drama road film,9:00 AM - 11:30 AM,4,146 minutes,Gujarati,₹ 80,14-07-2023,8
893,124,Bobby Jasoos,Hindi-language comedy drama,8:00 AM - 10:45 AM,3,121 minutes,Hindi,₹ 150,21-09-2023,7.9
894,124,1920: Horrors of the Heart,horror film,8:00 AM - 10:15 AM,NULL,123 minutes,Hindi,NULL,10-10-2023,NULL
895,125,Baahubali: The Beginning,epic action film,7:00 AM - 9:00 AM,1,158 minutes,Hindi,₹ 160,09-10-2023,8.5
896,125,Dangal,biographical sports drama film,7:00 AM - 10:05 AM,2,161 minutes,Hindi,₹ 185,09-08-2023,9.5
897,125,Inception,science fiction action film,8:00 AM - 10:45 AM,3,148 minutes,Hindi,₹ 210,21-09-2023,7.6
898,125,Chaal Jeevi Laiye,comedy-drama road film,9:00 AM - 11:30 AM,4,146 minutes,Gujarati,₹ 80,14-07-2023,8
899,125,Bobby Jasoos,Hindi-language comedy drama,8:00 AM - 10:45 AM,3,121 minutes,Hindi,₹ 150,21-09-2023,7.9
900,125,1920: Horrors of the Heart,horror film,8:00 AM - 10:15 AM,NULL,123 minutes,Hindi,NULL,10-10-2023,NULL
901,126,Baahubali: The Beginning,epic action film,7:00 AM - 9:00 AM,1,158 minutes,Hindi,₹ 160,09-10-2023,8.5
902,126,Dangal,biographical sports drama film,7:00 AM - 10:05 AM,2,161 minutes,Hindi,₹ 185,09-08-2023,9.5
903,126,Inception,science fiction action film,8:00 AM - 10:45 AM,3,148 minutes,Hindi,₹ 210,21-09-2023,7.6
904,126,Chaal Jeevi Laiye,comedy-drama road film,9:00 AM - 11:30 AM,4,146 minutes,Gujarati,₹ 80,14-07-2023,8
905,126,Bobby Jasoos,Hindi-language comedy drama,8:00 AM - 10:45 AM,3,121 minutes,Hindi,₹ 150,21-09-2023,7.9
906,126,1920: Horrors of the Heart,horror film,8:00 AM - 10:15 AM,NULL,123 minutes,Hindi,NULL,10-10-2023,NULL
907,127,Baahubali: The Beginning,epic action film,7:00 AM - 9:00 AM,1,158 minutes,Hindi,₹ 160,09-10-2023,8.5
908,127,Dangal,biographical sports drama film,7:00 AM - 10:05 AM,2,161 minutes,Hindi,₹ 185,09-08-2023,9.5
909,127,Inception,science fiction action film,8:00 AM - 10:45 AM,3,148 minutes,Hindi,₹ 210,21-09-2023,7.6
910,127,Chaal Jeevi Laiye,comedy-drama road film,9:00 AM - 11:30 AM,4,146 minutes,Gujarati,₹ 80,14-07-2023,8
911,127,Bobby Jasoos,Hindi-language comedy drama,8:00 AM - 10:45 AM,3,121 minutes,Hindi,₹ 150,21-09-2023,7.9
912,127,1920: Horrors of the Heart,horror film,8:00 AM - 10:15 AM,NULL,123 minutes,Hindi,NULL,10-10-2023,NULL
913,128,Baahubali: The Beginning,epic action film,7:00 AM - 9:00 AM,1,158 minutes,Hindi,₹ 160,09-10-2023,8.5
914,128,Dangal,biographical sports drama film,7:00 AM - 10:05 AM,2,161 minutes,Hindi,₹ 185,09-08-2023,9.5
915,128,Inception,science fiction action film,8:00 AM - 10:45 AM,3,148 minutes,Hindi,₹ 210,21-09-2023,7.6
916,128,Chaal Jeevi Laiye,comedy-drama road film,9:00 AM - 11:30 AM,4,146 minutes,Gujarati,₹ 80,14-07-2023,8
917,128,Bobby Jasoos,Hindi-language comedy drama,8:00 AM - 10:45 AM,3,121 minutes,Hindi,₹ 150,21-09-2023,7.9
918,128,1920: Horrors of the Heart,horror film,8:00 AM - 10:15 AM,NULL,123 minutes,Hindi,NULL,10-10-2023,NULL
919,129,Baahubali: The Beginning,epic action film,7:00 AM - 9:00 AM,1,158 minutes,Hindi,₹ 160,09-10-2023,8.5
920,129,Dangal,biographical sports drama film,7:00 AM - 10:05 AM,2,161 minutes,Hindi,₹ 185,09-08-2023,9.5
921,129,Inception,science fiction action film,8:00 AM - 10:45 AM,3,148 minutes,Hindi,₹ 210,21-09-2023,7.6
922,129,Chaal Jeevi Laiye,comedy-drama road film,9:00 AM - 11:30 AM,4,146 minutes,Gujarati,₹ 80,14-07-2023,8
923,129,Bobby Jasoos,Hindi-language comedy drama,8:00 AM - 10:45 AM,3,121 minutes,Hindi,₹ 150,21-09-2023,7.9
924,129,1920: Horrors of the Heart,horror film,8:00 AM - 10:15 AM,NULL,123 minutes,Hindi,NULL,10-10-2023,NULL
925,130,Baahubali: The Beginning,epic action film,7:00 AM - 9:00 AM,1,158 minutes,Hindi,₹ 160,09-10-2023,8.5
926,130,Dangal,biographical sports drama film,7:00 AM - 10:05 AM,2,161 minutes,Hindi,₹ 185,09-08-2023,9.5
927,130,Inception,science fiction action film,8:00 AM - 10:45 AM,3,148 minutes,Hindi,₹ 210,21-09-2023,7.6
928,130,Chaal Jeevi Laiye,comedy-drama road film,9:00 AM - 11:30 AM,4,146 minutes,Gujarati,₹ 80,14-07-2023,8
929,130,Bobby Jasoos,Hindi-language comedy drama,8:00 AM - 10:45 AM,3,121 minutes,Hindi,₹ 150,21-09-2023,7.9
930,130,1920: Horrors of the Heart,horror film,8:00 AM - 10:15 AM,NULL,123 minutes,Hindi,NULL,10-10-2023,NULL
931,131,Baahubali: The Beginning,epic action film,7:00 AM - 9:00 AM,1,158 minutes,Hindi,₹ 160,09-10-2023,8.5
932,131,Dangal,biographical sports drama film,7:00 AM - 10:05 AM,2,161 minutes,Hindi,₹ 185,09-08-2023,9.5
933,131,Inception,science fiction action film,8:00 AM - 10:45 AM,3,148 minutes,Hindi,₹ 210,21-09-2023,7.6
934,131,Chaal Jeevi Laiye,comedy-drama road film,9:00 AM - 11:30 AM,4,146 minutes,Gujarati,₹ 80,14-07-2023,8
935,131,Bobby Jasoos,Hindi-language comedy drama,8:00 AM - 10:45 AM,3,121 minutes,Hindi,₹ 150,21-09-2023,7.9
936,131,1920: Horrors of the Heart,horror film,8:00 AM - 10:15 AM,NULL,123 minutes,Hindi,NULL,10-10-2023,NULL
937,132,Baahubali: The Beginning,epic action film,7:00 AM - 9:00 AM,1,158 minutes,Hindi,₹ 160,09-10-2023,8.5
938,132,Dangal,biographical sports drama film,7:00 AM - 10:05 AM,2,161 minutes,Hindi,₹ 185,09-08-2023,9.5
939,132,Inception,science fiction action film,8:00 AM - 10:45 AM,3,148 minutes,Hindi,₹ 210,21-09-2023,7.6
940,132,Chaal Jeevi Laiye,comedy-drama road film,9:00 AM - 11:30 AM,4,146 minutes,Gujarati,₹ 80,14-07-2023,8
941,132,Bobby Jasoos,Hindi-language comedy drama,8:00 AM - 10:45 AM,3,121 minutes,Hindi,₹ 150,21-09-2023,7.9
942,132,1920: Horrors of the Heart,horror film,8:00 AM - 10:15 AM,NULL,123 minutes,Hindi,NULL,10-10-2023,NULL
943,133,Baahubali: The Beginning,epic action film,7:00 AM - 9:00 AM,1,158 minutes,Hindi,₹ 160,09-10-2023,8.5
944,133,Dangal,biographical sports drama film,7:00 AM - 10:05 AM,2,161 minutes,Hindi,₹ 185,09-08-2023,9.5
945,133,Inception,science fiction action film,8:00 AM - 10:45 AM,3,148 minutes,Hindi,₹ 210,21-09-2023,7.6
946,133,Chaal Jeevi Laiye,comedy-drama road film,9:00 AM - 11:30 AM,4,146 minutes,Gujarati,₹ 80,14-07-2023,8
947,133,Bobby Jasoos,Hindi-language comedy drama,8:00 AM - 10:45 AM,3,121 minutes,Hindi,₹ 150,21-09-2023,7.9
948,133,1920: Horrors of the Heart,horror film,8:00 AM - 10:15 AM,NULL,123 minutes,Hindi,NULL,10-10-2023,NULL
949,134,Baahubali: The Beginning,epic action film,7:00 AM - 9:00 AM,1,158 minutes,Hindi,₹ 160,09-10-2023,8.5
950,134,Dangal,biographical sports drama film,7:00 AM - 10:05 AM,2,161 minutes,Hindi,₹ 185,09-08-2023,9.5
951,134,Inception,science fiction action film,8:00 AM - 10:45 AM,3,148 minutes,Hindi,₹ 210,21-09-2023,7.6
952,134,Chaal Jeevi Laiye,comedy-drama road film,9:00 AM - 11:30 AM,4,146 minutes,Gujarati,₹ 80,14-07-2023,8
953,134,Bobby Jasoos,Hindi-language comedy drama,8:00 AM - 10:45 AM,3,121 minutes,Hindi,₹ 150,21-09-2023,7.9
954,134,1920: Horrors of the Heart,horror film,8:00 AM - 10:15 AM,NULL,123 minutes,Hindi,NULL,10-10-2023,NULL
955,135,Baahubali: The Beginning,epic action film,7:00 AM - 9:00 AM,1,158 minutes,Hindi,₹ 160,09-10-2023,8.5
956,135,Dangal,biographical sports drama film,7:00 AM - 10:05 AM,2,161 minutes,Hindi,₹ 185,09-08-2023,9.5
957,135,Inception,science fiction action film,8:00 AM - 10:45 AM,3,148 minutes,Hindi,₹ 210,21-09-2023,7.6
958,135,Chaal Jeevi Laiye,comedy-drama road film,9:00 AM - 11:30 AM,4,146 minutes,Gujarati,₹ 80,14-07-2023,8
959,135,Bobby Jasoos,Hindi-language comedy drama,8:00 AM - 10:45 AM,3,121 minutes,Hindi,₹ 150,21-09-2023,7.9
960,135,1920: Horrors of the Heart,horror film,8:00 AM - 10:15 AM,NULL,123 minutes,Hindi,NULL,10-10-2023,NULL
961,136,Baahubali: The Beginning,epic action film,7:00 AM - 9:00 AM,1,158 minutes,Hindi,₹ 160,09-10-2023,8.5
962,136,Dangal,biographical sports drama film,7:00 AM - 10:05 AM,2,161 minutes,Hindi,₹ 185,09-08-2023,9.5
963,136,Inception,science fiction action film,8:00 AM - 10:45 AM,3,148 minutes,Hindi,₹ 210,21-09-2023,7.6
964,136,Chaal Jeevi Laiye,comedy-drama road film,9:00 AM - 11:30 AM,4,146 minutes,Gujarati,₹ 80,14-07-2023,8
965,136,Bobby Jasoos,Hindi-language comedy drama,8:00 AM - 10:45 AM,3,121 minutes,Hindi,₹ 150,21-09-2023,7.9
966,136,1920: Horrors of the Heart,horror film,8:00 AM - 10:15 AM,NULL,123 minutes,Hindi,NULL,10-10-2023,NULL
967,137,Baahubali: The Beginning,epic action film,7:00 AM - 9:00 AM,1,158 minutes,Hindi,₹ 160,09-10-2023,8.5
968,137,Dangal,biographical sports drama film,7:00 AM - 10:05 AM,2,161 minutes,Hindi,₹ 185,09-08-2023,9.5
969,137,Inception,science fiction action film,8:00 AM - 10:45 AM,3,148 minutes,Hindi,₹ 210,21-09-2023,7.6
970,137,Chaal Jeevi Laiye,comedy-drama road film,9:00 AM - 11:30 AM,4,146 minutes,Gujarati,₹ 80,14-07-2023,8
971,137,Bobby Jasoos,Hindi-language comedy drama,8:00 AM - 10:45 AM,3,121 minutes,Hindi,₹ 150,21-09-2023,7.9
972,137,1920: Horrors of the Heart,horror film,8:00 AM - 10:15 AM,NULL,123 minutes,Hindi,NULL,10-10-2023,NULL
973,138,Baahubali: The Beginning,epic action film,7:00 AM - 9:00 AM,1,158 minutes,Hindi,₹ 160,09-10-2023,8.5
974,138,Dangal,biographical sports drama film,7:00 AM - 10:05 AM,2,161 minutes,Hindi,₹ 185,09-08-2023,9.5
975,138,Inception,science fiction action film,8:00 AM - 10:45 AM,3,148 minutes,Hindi,₹ 210,21-09-2023,7.6
976,138,Chaal Jeevi Laiye,comedy-drama road film,9:00 AM - 11:30 AM,4,146 minutes,Gujarati,₹ 80,14-07-2023,8
977,138,Bobby Jasoos,Hindi-language comedy drama,8:00 AM - 10:45 AM,3,121 minutes,Hindi,₹ 150,21-09-2023,7.9
978,138,1920: Horrors of the Heart,horror film,8:00 AM - 10:15 AM,NULL,123 minutes,Hindi,NULL,10-10-2023,NULL
979,139,Baahubali: The Beginning,epic action film,7:00 AM - 9:00 AM,1,158 minutes,Hindi,₹ 160,09-10-2023,8.5
980,139,Dangal,biographical sports drama film,7:00 AM - 10:05 AM,2,161 minutes,Hindi,₹ 185,09-08-2023,9.5
981,139,Inception,science fiction action film,8:00 AM - 10:45 AM,3,148 minutes,Hindi,₹ 210,21-09-2023,7.6
982,139,Chaal Jeevi Laiye,comedy-drama road film,9:00 AM - 11:30 AM,4,146 minutes,Gujarati,₹ 80,14-07-2023,8
983,139,Bobby Jasoos,Hindi-language comedy drama,8:00 AM - 10:45 AM,3,121 minutes,Hindi,₹ 150,21-09-2023,7.9
984,139,1920: Horrors of the Heart,horror film,8:00 AM - 10:15 AM,NULL,123 minutes,Hindi,NULL,10-10-2023,NULL
